State,Year,Population
Alaska,2020,733017
Alaska,2021,734420
Alaska,2022,734442
Alaska,2023,736510
Alaska,2024,740133
Alabama,2020,5033094
Alabama,2021,5049196
Alabama,2022,5076181
Alabama,2023,5117673
Alabama,2024,5157699
Arkansas,2020,3014546
Arkansas,2021,3026870
Arkansas,2022,3047704
Arkansas,2023,3069463
Arkansas,2024,3088354
Arizona,2020,7187135
Arizona,2021,7274078
Arizona,2022,7377566
Arizona,2023,7473027
Arizona,2024,7582384
California,2020,39521958
California,2021,39142565
California,2022,39142414
California,2023,39198693
California,2024,39431263
Colorado,2020,5787129
Colorado,2021,5814036
Colorado,2022,5850935
Colorado,2023,5901339
Colorado,2024,5957493
Connecticut,2020,3579918
Connecticut,2021,3606607
Connecticut,2022,3617925
Connecticut,2023,3643023
Connecticut,2024,3675069
Delaware,2020,991928
Delaware,2021,1005062
Delaware,2022,1020625
Delaware,2023,1036423
Delaware,2024,1051917
Florida,2020,21592035
Florida,2021,21831949
Florida,2022,22379312
Florida,2023,22904868
Florida,2024,23372215
Georgia,2020,10732888
Georgia,2021,10792060
Georgia,2022,10931805
Georgia,2023,11064432
Georgia,2024,11180878
Hawaii,2020,1451252
Hawaii,2021,1447029
Hawaii,2022,1440359
Hawaii,2023,1441387
Hawaii,2024,1446146
Iowa,2020,3191141
Iowa,2021,3198613
Iowa,2022,3202820
Iowa,2023,3218414
Iowa,2024,3241488
Idaho,2020,1849415
Idaho,2021,1904848
Idaho,2022,1944299
Idaho,2023,1971122
Idaho,2024,2001619
Illinois,2020,12799088
Illinois,2021,12700641
Illinois,2022,12621821
Illinois,2023,12642259
Illinois,2024,12710158
Indiana,2020,6790497
Indiana,2021,6815907
Indiana,2022,6844545
Indiana,2023,6880131
Indiana,2024,6924275
Kansas,2020,2938172
Kansas,2021,2938338
Kansas,2022,2937324
Kansas,2023,2951500
Kansas,2024,2970606
Kentucky,2020,4508318
Kentucky,2021,4507583
Kentucky,2022,4519233
Kentucky,2023,4550595
Kentucky,2024,4588372
Louisiana,2020,4652301
Louisiana,2021,4627971
Louisiana,2022,4593687
Louisiana,2023,4588071
Louisiana,2024,4597740
Massachusetts,1900,2788000
Massachusetts,1901,2794000
Massachusetts,1902,2856000
Massachusetts,1903,2924000
Massachusetts,1904,2969000
Massachusetts,1905,3018000
Massachusetts,1906,3107000
Massachusetts,1907,3183000
Massachusetts,1908,3251000
Massachusetts,1909,3316000
Massachusetts,1910,3365000
Massachusetts,1911,3383000
Massachusetts,1912,3440000
Massachusetts,1913,3534000
Massachusetts,1914,3636000
Massachusetts,1915,3705000
Massachusetts,1916,3726000
Massachusetts,1917,3738000
Massachusetts,1918,3695000
Massachusetts,1919,3785000
Massachusetts,1920,3882000
Massachusetts,1921,3951000
Massachusetts,1922,4010000
Massachusetts,1923,4057000
Massachusetts,1924,4102000
Massachusetts,1925,4154000
Massachusetts,1926,4194000
Massachusetts,1927,4223000
Massachusetts,1928,4217000
Massachusetts,1929,4229000
Massachusetts,1930,4250000
Massachusetts,1931,4248000
Massachusetts,1932,4259000
Massachusetts,1933,4282000
Massachusetts,1934,4305000
Massachusetts,1935,4343000
Massachusetts,1936,4355000
Massachusetts,1937,4358000
Massachusetts,1938,4365000
Massachusetts,1939,4347000
Massachusetts,1940,4318000
Massachusetts,1941,4389000
Massachusetts,1942,4370000
Massachusetts,1943,4257000
Massachusetts,1944,4192000
Massachusetts,1945,4201000
Massachusetts,1946,4494000
Massachusetts,1947,4580000
Massachusetts,1948,4674000
Massachusetts,1949,4741000
Massachusetts,1950,4686000
Massachusetts,1951,4654000
Massachusetts,1952,4650000
Massachusetts,1953,4806000
Massachusetts,1954,4910000
Massachusetts,1955,4882000
Massachusetts,1956,4891000
Massachusetts,1957,4929000
Massachusetts,1958,5010000
Massachusetts,1959,5117000
Massachusetts,1960,5160000
Massachusetts,1961,5219000
Massachusetts,1962,5263000
Massachusetts,1963,5344000
Massachusetts,1964,5448000
Massachusetts,1965,5502000
Massachusetts,1966,5535000
Massachusetts,1967,5594000
Massachusetts,1968,5618000
Massachusetts,1969,5650000
Massachusetts,1970,5689170
Massachusetts,1971,5737580
Massachusetts,1972,5760302
Massachusetts,1973,5781172
Massachusetts,1974,5773548
Massachusetts,1975,5757756
Massachusetts,1976,5743672
Massachusetts,1977,5738199
Massachusetts,1978,5736469
Massachusetts,1979,5738404
Massachusetts,1980,5746075
Massachusetts,1981,5768685
Massachusetts,1982,5771222
Massachusetts,1983,5799407
Massachusetts,1984,5840773
Massachusetts,1985,5880733
Massachusetts,1986,5902678
Massachusetts,1987,5935204
Massachusetts,1988,5979982
Massachusetts,1989,6015478
Massachusetts,1990,6018664
Massachusetts,1991,5998652
Massachusetts,1992,5993474
Massachusetts,1993,6010884
Massachusetts,1994,6031352
Massachusetts,1995,6062335
Massachusetts,1996,6085393
Massachusetts,1997,6115476
Massachusetts,1998,6144407
Massachusetts,1999,6175169
Massachusetts,2000,6361104
Massachusetts,2001,6397634
Massachusetts,2002,6417206
Massachusetts,2003,6422565
Massachusetts,2004,6412281
Massachusetts,2005,6403290
Massachusetts,2006,6410084
Massachusetts,2007,6431559
Massachusetts,2008,6468967
Massachusetts,2009,6517613
Massachusetts,2010,6566440
Massachusetts,2011,6614218
Massachusetts,2012,6664269
Massachusetts,2013,6715158
Massachusetts,2014,6764864
Massachusetts,2015,6797484
Massachusetts,2016,6827280
Massachusetts,2017,6863560
Massachusetts,2018,6885720
Massachusetts,2019,6894883
Massachusetts,2020,6994598
Massachusetts,2021,7000474
Massachusetts,2022,7022468
Massachusetts,2023,7066568
Massachusetts,2024,7136171
Maryland,1900,1189000
Maryland,1901,1200000
Maryland,1902,1210000
Maryland,1903,1209000
Maryland,1904,1217000
Maryland,1905,1237000
Maryland,1906,1251000
Maryland,1907,1257000
Maryland,1908,1269000
Maryland,1909,1289000
Maryland,1910,1302000
Maryland,1911,1324000
Maryland,1912,1345000
Maryland,1913,1368000
Maryland,1914,1389000
Maryland,1915,1401000
Maryland,1916,1415000
Maryland,1917,1428000
Maryland,1918,1467000
Maryland,1919,1445000
Maryland,1920,1464000
Maryland,1921,1492000
Maryland,1922,1509000
Maryland,1923,1521000
Maryland,1924,1537000
Maryland,1925,1556000
Maryland,1926,1576000
Maryland,1927,1599000
Maryland,1928,1610000
Maryland,1929,1621000
Maryland,1930,1636000
Maryland,1931,1657000
Maryland,1932,1678000
Maryland,1933,1694000
Maryland,1934,1710000
Maryland,1935,1729000
Maryland,1936,1745000
Maryland,1937,1754000
Maryland,1938,1766000
Maryland,1939,1793000
Maryland,1940,1839000
Maryland,1941,1913000
Maryland,1942,1998000
Maryland,1943,2089000
Maryland,1944,2118000
Maryland,1945,2096000
Maryland,1946,2214000
Maryland,1947,2248000
Maryland,1948,2271000
Maryland,1949,2329000
Maryland,1950,2355000
Maryland,1951,2441000
Maryland,1952,2500000
Maryland,1953,2567000
Maryland,1954,2685000
Maryland,1955,2742000
Maryland,1956,2811000
Maryland,1957,2873000
Maryland,1958,2982000
Maryland,1959,3066000
Maryland,1960,3113000
Maryland,1961,3176000
Maryland,1962,3263000
Maryland,1963,3386000
Maryland,1964,3492000
Maryland,1965,3600000
Maryland,1966,3695000
Maryland,1967,3757000
Maryland,1968,3815000
Maryland,1969,3868000
Maryland,1970,3923897
Maryland,1971,4018324
Maryland,1972,4073499
Maryland,1973,4097974
Maryland,1974,4118815
Maryland,1975,4139096
Maryland,1976,4150539
Maryland,1977,4169595
Maryland,1978,4183603
Maryland,1979,4191160
Maryland,1980,4227643
Maryland,1981,4261905
Maryland,1982,4282923
Maryland,1983,4313327
Maryland,1984,4365243
Maryland,1985,4413071
Maryland,1986,4486957
Maryland,1987,4565557
Maryland,1988,4657904
Maryland,1989,4727301
Maryland,1990,4797431
Maryland,1991,4856176
Maryland,1992,4902545
Maryland,1993,4942504
Maryland,1994,4985411
Maryland,1995,5023650
Maryland,1996,5057142
Maryland,1997,5092914
Maryland,1998,5130072
Maryland,1999,5171634
Maryland,2000,5311034
Maryland,2001,5374691
Maryland,2002,5440389
Maryland,2003,5496269
Maryland,2004,5546935
Maryland,2005,5592379
Maryland,2006,5627367
Maryland,2007,5653408
Maryland,2008,5684965
Maryland,2009,5730388
Maryland,2010,5788784
Maryland,2011,5840241
Maryland,2012,5888375
Maryland,2013,5925197
Maryland,2014,5960064
Maryland,2015,5988528
Maryland,2016,6007014
Maryland,2017,6028186
Maryland,2018,6042153
Maryland,2019,6054954
Maryland,2020,6177935
Maryland,2021,6179403
Maryland,2022,6192440
Maryland,2023,6217062
Maryland,2024,6263220
Maine,1900,695000
Maine,1901,699000
Maine,1902,703000
Maine,1903,709000
Maine,1904,719000
Maine,1905,723000
Maine,1906,729000
Maine,1907,731000
Maine,1908,735000
Maine,1909,740000
Maine,1910,745000
Maine,1911,751000
Maine,1912,753000
Maine,1913,763000
Maine,1914,772000
Maine,1915,774000
Maine,1916,775000
Maine,1917,777000
Maine,1918,760000
Maine,1919,762000
Maine,1920,771000
Maine,1921,775000
Maine,1922,778000
Maine,1923,781000
Maine,1924,788000
Maine,1925,792000
Maine,1926,793000
Maine,1927,796000
Maine,1928,797000
Maine,1929,797000
Maine,1930,800000
Maine,1931,807000
Maine,1932,815000
Maine,1933,821000
Maine,1934,829000
Maine,1935,836000
Maine,1936,840000
Maine,1937,842000
Maine,1938,843000
Maine,1939,846000
Maine,1940,849000
Maine,1941,852000
Maine,1942,839000
Maine,1943,806000
Maine,1944,801000
Maine,1945,800000
Maine,1946,832000
Maine,1947,854000
Maine,1948,878000
Maine,1949,903000
Maine,1950,917000
Maine,1951,916000
Maine,1952,915000
Maine,1953,913000
Maine,1954,927000
Maine,1955,934000
Maine,1956,938000
Maine,1957,943000
Maine,1958,944000
Maine,1959,957000
Maine,1960,975000
Maine,1961,995000
Maine,1962,994000
Maine,1963,993000
Maine,1964,993000
Maine,1965,997000
Maine,1966,999000
Maine,1967,1004000
Maine,1968,994000
Maine,1969,992000
Maine,1970,993722
Maine,1971,1015390
Maine,1972,1034292
Maine,1973,1045655
Maine,1974,1059040
Maine,1975,1071995
Maine,1976,1088412
Maine,1977,1103578
Maine,1978,1113566
Maine,1979,1122563
Maine,1980,1126860
Maine,1981,1133033
Maine,1982,1136684
Maine,1983,1144772
Maine,1984,1155635
Maine,1985,1162936
Maine,1986,1170126
Maine,1987,1184574
Maine,1988,1203840
Maine,1989,1219961
Maine,1990,1231296
Maine,1991,1235439
Maine,1992,1235748
Maine,1993,1238256
Maine,1994,1237687
Maine,1995,1237438
Maine,1996,1241436
Maine,1997,1245215
Maine,1998,1247554
Maine,1999,1253040
Maine,2000,1277072
Maine,2001,1285692
Maine,2002,1295960
Maine,2003,1306513
Maine,2004,1313688
Maine,2005,1318787
Maine,2006,1323619
Maine,2007,1327040
Maine,2008,1330509
Maine,2009,1329590
Maine,2010,1327651
Maine,2011,1328473
Maine,2012,1328094
Maine,2013,1328543
Maine,2014,1331217
Maine,2015,1329098
Maine,2016,1332348
Maine,2017,1335743
Maine,2018,1340123
Maine,2019,1345770
Maine,2020,1364571
Maine,2021,1378931
Maine,2022,1390922
Maine,2023,1399646
Maine,2024,1405012
Michigan,1900,2423000
Michigan,1901,2450000
Michigan,1902,2477000
Michigan,1903,2505000
Michigan,1904,2534000
Michigan,1905,2579000
Michigan,1906,2626000
Michigan,1907,2693000
Michigan,1908,2722000
Michigan,1909,2771000
Michigan,1910,2832000
Michigan,1911,2916000
Michigan,1912,2997000
Michigan,1913,3101000
Michigan,1914,3183000
Michigan,1915,3263000
Michigan,1916,3353000
Michigan,1917,3451000
Michigan,1918,3499000
Michigan,1919,3591000
Michigan,1920,3723000
Michigan,1921,3872000
Michigan,1922,3942000
Michigan,1923,4063000
Michigan,1924,4214000
Michigan,1925,4331000
Michigan,1926,4451000
Michigan,1927,4589000
Michigan,1928,4665000
Michigan,1929,4795000
Michigan,1930,4834000
Michigan,1931,4798000
Michigan,1932,4780000
Michigan,1933,4780000
Michigan,1934,4798000
Michigan,1935,4838000
Michigan,1936,4889000
Michigan,1937,4968000
Michigan,1938,5056000
Michigan,1939,5156000
Michigan,1940,5315000
Michigan,1941,5472000
Michigan,1942,5549000
Michigan,1943,5405000
Michigan,1944,5467000
Michigan,1945,5475000
Michigan,1946,5874000
Michigan,1947,6076000
Michigan,1948,6213000
Michigan,1949,6332000
Michigan,1950,6407000
Michigan,1951,6497000
Michigan,1952,6650000
Michigan,1953,6822000
Michigan,1954,7066000
Michigan,1955,7285000
Michigan,1956,7467000
Michigan,1957,7569000
Michigan,1958,7667000
Michigan,1959,7767000
Michigan,1960,7834000
Michigan,1961,7893000
Michigan,1962,7933000
Michigan,1963,8058000
Michigan,1964,8187000
Michigan,1965,8357000
Michigan,1966,8512000
Michigan,1967,8630000
Michigan,1968,8696000
Michigan,1969,8781000
Michigan,1970,8881826
Michigan,1971,8974186
Michigan,1972,9028944
Michigan,1973,9077956
Michigan,1974,9117507
Michigan,1975,9117668
Michigan,1976,9129205
Michigan,1977,9171110
Michigan,1978,9217761
Michigan,1979,9266268
Michigan,1980,9255553
Michigan,1981,9209287
Michigan,1982,9115198
Michigan,1983,9047754
Michigan,1984,9049452
Michigan,1985,9076293
Michigan,1986,9127775
Michigan,1987,9187481
Michigan,1988,9217998
Michigan,1989,9253295
Michigan,1990,9310462
Michigan,1991,9395022
Michigan,1992,9470323
Michigan,1993,9529240
Michigan,1994,9584481
Michigan,1995,9659871
Michigan,1996,9739184
Michigan,1997,9785450
Michigan,1998,9820231
Michigan,1999,9863775
Michigan,2000,9952450
Michigan,2001,9991120
Michigan,2002,10015710
Michigan,2003,10041152
Michigan,2004,10055315
Michigan,2005,10051137
Michigan,2006,10036081
Michigan,2007,10001284
Michigan,2008,9946889
Michigan,2009,9901591
Michigan,2010,9877597
Michigan,2011,9883053
Michigan,2012,9898289
Michigan,2013,9914802
Michigan,2014,9932033
Michigan,2015,9934483
Michigan,2016,9954117
Michigan,2017,9976752
Michigan,2018,9987286
Michigan,2019,9984795
Michigan,2020,10072703
Michigan,2021,10041351
Michigan,2022,10050877
Michigan,2023,10083356
Michigan,2024,10140459
Minnesota,1900,1754000
Minnesota,1901,1805000
Minnesota,1902,1862000
Minnesota,1903,1901000
Minnesota,1904,1945000
Minnesota,1905,1981000
Minnesota,1906,1987000
Minnesota,1907,1995000
Minnesota,1908,2020000
Minnesota,1909,2051000
Minnesota,1910,2086000
Minnesota,1911,2119000
Minnesota,1912,2147000
Minnesota,1913,2190000
Minnesota,1914,2234000
Minnesota,1915,2273000
Minnesota,1916,2308000
Minnesota,1917,2329000
Minnesota,1918,2291000
Minnesota,1919,2346000
Minnesota,1920,2403000
Minnesota,1921,2434000
Minnesota,1922,2451000
Minnesota,1923,2487000
Minnesota,1924,2521000
Minnesota,1925,2540000
Minnesota,1926,2560000
Minnesota,1927,2588000
Minnesota,1928,2592000
Minnesota,1929,2572000
Minnesota,1930,2576000
Minnesota,1931,2614000
Minnesota,1932,2646000
Minnesota,1933,2673000
Minnesota,1934,2695000
Minnesota,1935,2717000
Minnesota,1936,2734000
Minnesota,1937,2746000
Minnesota,1938,2753000
Minnesota,1939,2771000
Minnesota,1940,2790000
Minnesota,1941,2718000
Minnesota,1942,2662000
Minnesota,1943,2577000
Minnesota,1944,2526000
Minnesota,1945,2537000
Minnesota,1946,2734000
Minnesota,1947,2796000
Minnesota,1948,2868000
Minnesota,1949,2935000
Minnesota,1950,2997000
Minnesota,1951,3010000
Minnesota,1952,3030000
Minnesota,1953,3050000
Minnesota,1954,3113000
Minnesota,1955,3172000
Minnesota,1956,3240000
Minnesota,1957,3274000
Minnesota,1958,3313000
Minnesota,1959,3366000
Minnesota,1960,3425000
Minnesota,1961,3470000
Minnesota,1962,3513000
Minnesota,1963,3531000
Minnesota,1964,3558000
Minnesota,1965,3592000
Minnesota,1966,3617000
Minnesota,1967,3659000
Minnesota,1968,3703000
Minnesota,1969,3758000
Minnesota,1970,3806103
Minnesota,1971,3853486
Minnesota,1972,3869747
Minnesota,1973,3889332
Minnesota,1974,3903925
Minnesota,1975,3932515
Minnesota,1976,3964680
Minnesota,1977,3989364
Minnesota,1978,4015341
Minnesota,1979,4050316
Minnesota,1980,4085017
Minnesota,1981,4111728
Minnesota,1982,4131450
Minnesota,1983,4141456
Minnesota,1984,4157706
Minnesota,1985,4184302
Minnesota,1986,4205212
Minnesota,1987,4235136
Minnesota,1988,4296166
Minnesota,1989,4338057
Minnesota,1990,4387283
Minnesota,1991,4427429
Minnesota,1992,4471503
Minnesota,1993,4521709
Minnesota,1994,4566028
Minnesota,1995,4605445
Minnesota,1996,4647723
Minnesota,1997,4687726
Minnesota,1998,4726411
Minnesota,1999,4775508
Minnesota,2000,4933692
Minnesota,2001,4982796
Minnesota,2002,5018935
Minnesota,2003,5053572
Minnesota,2004,5087713
Minnesota,2005,5119598
Minnesota,2006,5163555
Minnesota,2007,5207203
Minnesota,2008,5247018
Minnesota,2009,5281203
Minnesota,2010,5310934
Minnesota,2011,5346620
Minnesota,2012,5377500
Minnesota,2013,5414722
Minnesota,2014,5452665
Minnesota,2015,5484002
Minnesota,2016,5525360
Minnesota,2017,5569283
Minnesota,2018,5608762
Minnesota,2019,5640053
Minnesota,2020,5710735
Minnesota,2021,5718660
Minnesota,2022,5721621
Minnesota,2023,5753048
Minnesota,2024,5793151
Missouri,1900,3108000
Missouri,1901,3128000
Missouri,1902,3147000
Missouri,1903,3166000
Missouri,1904,3185000
Missouri,1905,3204000
Missouri,1906,3223000
Missouri,1907,3242000
Missouri,1908,3260000
Missouri,1909,3279000
Missouri,1910,3301000
Missouri,1911,3317000
Missouri,1912,3344000
Missouri,1913,3409000
Missouri,1914,3467000
Missouri,1915,3492000
Missouri,1916,3527000
Missouri,1917,3470000
Missouri,1918,3325000
Missouri,1919,3371000
Missouri,1920,3404000
Missouri,1921,3429000
Missouri,1922,3437000
Missouri,1923,3454000
Missouri,1924,3508000
Missouri,1925,3526000
Missouri,1926,3556000
Missouri,1927,3576000
Missouri,1928,3601000
Missouri,1929,3622000
Missouri,1930,3646000
Missouri,1931,3711000
Missouri,1932,3746000
Missouri,1933,3773000
Missouri,1934,3784000
Missouri,1935,3798000
Missouri,1936,3801000
Missouri,1937,3794000
Missouri,1938,3781000
Missouri,1939,3783000
Missouri,1940,3786000
Missouri,1941,3811000
Missouri,1942,3829000
Missouri,1943,3705000
Missouri,1944,3560000
Missouri,1945,3516000
Missouri,1946,3746000
Missouri,1947,3845000
Missouri,1948,3844000
Missouri,1949,3882000
Missouri,1950,3964000
Missouri,1951,4015000
Missouri,1952,3972000
Missouri,1953,4020000
Missouri,1954,4066000
Missouri,1955,4134000
Missouri,1956,4163000
Missouri,1957,4189000
Missouri,1958,4186000
Missouri,1959,4258000
Missouri,1960,4326000
Missouri,1961,4349000
Missouri,1962,4357000
Missouri,1963,4392000
Missouri,1964,4442000
Missouri,1965,4467000
Missouri,1966,4523000
Missouri,1967,4539000
Missouri,1968,4568000
Missouri,1969,4640000
Missouri,1970,4677623
Missouri,1971,4725764
Missouri,1972,4758780
Missouri,1973,4782645
Missouri,1974,4795930
Missouri,1975,4808308
Missouri,1976,4839029
Missouri,1977,4863173
Missouri,1978,4889399
Missouri,1979,4912430
Missouri,1980,4921966
Missouri,1981,4932064
Missouri,1982,4929451
Missouri,1983,4943733
Missouri,1984,4975278
Missouri,1985,5000268
Missouri,1986,5023068
Missouri,1987,5056696
Missouri,1988,5081736
Missouri,1989,5095830
Missouri,1990,5126370
Missouri,1991,5157770
Missouri,1992,5193686
Missouri,1993,5237757
Missouri,1994,5281206
Missouri,1995,5324610
Missouri,1996,5367888
Missouri,1997,5407113
Missouri,1998,5437562
Missouri,1999,5468338
Missouri,2000,5607285
Missouri,2001,5641142
Missouri,2002,5674825
Missouri,2003,5709403
Missouri,2004,5747741
Missouri,2005,5790300
Missouri,2006,5842704
Missouri,2007,5887612
Missouri,2008,5923916
Missouri,2009,5961088
Missouri,2010,5996089
Missouri,2011,6011182
Missouri,2012,6026027
Missouri,2013,6042989
Missouri,2014,6059130
Missouri,2015,6075411
Missouri,2016,6091384
Missouri,2017,6111382
Missouri,2018,6125986
Missouri,2019,6140475
Missouri,2020,6154744
Missouri,2021,6171374
Missouri,2022,6179414
Missouri,2023,6208038
Missouri,2024,6245466
Mississippi,1900,1553000
Mississippi,1901,1578000
Mississippi,1902,1603000
Mississippi,1903,1628000
Mississippi,1904,1653000
Mississippi,1905,1678000
Mississippi,1906,1703000
Mississippi,1907,1728000
Mississippi,1908,1753000
Mississippi,1909,1777000
Mississippi,1910,1802000
Mississippi,1911,1810000
Mississippi,1912,1817000
Mississippi,1913,1827000
Mississippi,1914,1832000
Mississippi,1915,1826000
Mississippi,1916,1823000
Mississippi,1917,1820000
Mississippi,1918,1813000
Mississippi,1919,1790000
Mississippi,1920,1800000
Mississippi,1921,1823000
Mississippi,1922,1836000
Mississippi,1923,1858000
Mississippi,1924,1886000
Mississippi,1925,1910000
Mississippi,1926,1935000
Mississippi,1927,1962000
Mississippi,1928,1981000
Mississippi,1929,1998000
Mississippi,1930,2006000
Mississippi,1931,1994000
Mississippi,1932,2004000
Mississippi,1933,2031000
Mississippi,1934,2050000
Mississippi,1935,2061000
Mississippi,1936,2072000
Mississippi,1937,2086000
Mississippi,1938,2127000
Mississippi,1939,2168000
Mississippi,1940,2176000
Mississippi,1941,2184000
Mississippi,1942,2210000
Mississippi,1943,2280000
Mississippi,1944,2167000
Mississippi,1945,2090000
Mississippi,1946,2064000
Mississippi,1947,2107000
Mississippi,1948,2076000
Mississippi,1949,2085000
Mississippi,1950,2176000
Mississippi,1951,2163000
Mississippi,1952,2152000
Mississippi,1953,2105000
Mississippi,1954,2064000
Mississippi,1955,2060000
Mississippi,1956,2086000
Mississippi,1957,2088000
Mississippi,1958,2086000
Mississippi,1959,2138000
Mississippi,1960,2182000
Mississippi,1961,2206000
Mississippi,1962,2243000
Mississippi,1963,2244000
Mississippi,1964,2241000
Mississippi,1965,2246000
Mississippi,1966,2245000
Mississippi,1967,2228000
Mississippi,1968,2219000
Mississippi,1969,2220000
Mississippi,1970,2216994
Mississippi,1971,2265432
Mississippi,1972,2307117
Mississippi,1973,2349546
Mississippi,1974,2378268
Mississippi,1975,2399449
Mississippi,1976,2429756
Mississippi,1977,2459201
Mississippi,1978,2487816
Mississippi,1979,2507069
Mississippi,1980,2525342
Mississippi,1981,2539036
Mississippi,1982,2556777
Mississippi,1983,2567717
Mississippi,1984,2578051
Mississippi,1985,2588102
Mississippi,1986,2593597
Mississippi,1987,2588545
Mississippi,1988,2580352
Mississippi,1989,2574269
Mississippi,1990,2577426
Mississippi,1991,2591230
Mississippi,1992,2610193
Mississippi,1993,2635574
Mississippi,1994,2663450
Mississippi,1995,2690788
Mississippi,1996,2709925
Mississippi,1997,2731826
Mississippi,1998,2751335
Mississippi,1999,2768619
Mississippi,2000,2848353
Mississippi,2001,2852994
Mississippi,2002,2858681
Mississippi,2003,2868312
Mississippi,2004,2889010
Mississippi,2005,2905943
Mississippi,2006,2904978
Mississippi,2007,2928350
Mississippi,2008,2947806
Mississippi,2009,2958774
Mississippi,2010,2970615
Mississippi,2011,2979147
Mississippi,2012,2984599
Mississippi,2013,2989839
Mississippi,2014,2991892
Mississippi,2015,2990231
Mississippi,2016,2990595
Mississippi,2017,2990674
Mississippi,2018,2982879
Mississippi,2019,2978227
Mississippi,2020,2958536
Mississippi,2021,2947209
Mississippi,2022,2941939
Mississippi,2023,2943172
Mississippi,2024,2943045
Montana,1900,245000
Montana,1901,261000
Montana,1902,270000
Montana,1903,282000
Montana,1904,293000
Montana,1905,305000
Montana,1906,322000
Montana,1907,332000
Montana,1908,346000
Montana,1909,363000
Montana,1910,380000
Montana,1911,397000
Montana,1912,414000
Montana,1913,433000
Montana,1914,452000
Montana,1915,469000
Montana,1916,487000
Montana,1917,505000
Montana,1918,501000
Montana,1919,534000
Montana,1920,543000
Montana,1921,546000
Montana,1922,543000
Montana,1923,538000
Montana,1924,538000
Montana,1925,535000
Montana,1926,531000
Montana,1927,527000
Montana,1928,541000
Montana,1929,524000
Montana,1930,539000
Montana,1931,540000
Montana,1932,540000
Montana,1933,541000
Montana,1934,545000
Montana,1935,550000
Montana,1936,554000
Montana,1937,554000
Montana,1938,552000
Montana,1939,555000
Montana,1940,558000
Montana,1941,543000
Montana,1942,518000
Montana,1943,485000
Montana,1944,469000
Montana,1945,477000
Montana,1946,514000
Montana,1947,531000
Montana,1948,542000
Montana,1949,569000
Montana,1950,593000
Montana,1951,596000
Montana,1952,602000
Montana,1953,616000
Montana,1954,624000
Montana,1955,636000
Montana,1956,656000
Montana,1957,667000
Montana,1958,666000
Montana,1959,669000
Montana,1960,679000
Montana,1961,696000
Montana,1962,698000
Montana,1963,703000
Montana,1964,706000
Montana,1965,706000
Montana,1966,707000
Montana,1967,701000
Montana,1968,700000
Montana,1969,694000
Montana,1970,694409
Montana,1971,710814
Montana,1972,718732
Montana,1973,726798
Montana,1974,736419
Montana,1975,748208
Montana,1976,757317
Montana,1977,769953
Montana,1978,782317
Montana,1979,787305
Montana,1980,788752
Montana,1981,795328
Montana,1982,803986
Montana,1983,814031
Montana,1984,820905
Montana,1985,822320
Montana,1986,813739
Montana,1987,805063
Montana,1988,800202
Montana,1989,799636
Montana,1990,799824
Montana,1991,807837
Montana,1992,822436
Montana,1993,839876
Montana,1994,854923
Montana,1995,868522
Montana,1996,876656
Montana,1997,878706
Montana,1998,879533
Montana,1999,882779
Montana,2000,903773
Montana,2001,906961
Montana,2002,911667
Montana,2003,919630
Montana,2004,930009
Montana,2005,940102
Montana,2006,952692
Montana,2007,964706
Montana,2008,976415
Montana,2009,983982
Montana,2010,990730
Montana,2011,997518
Montana,2012,1004168
Montana,2013,1014158
Montana,2014,1022657
Montana,2015,1031495
Montana,2016,1042137
Montana,2017,1053862
Montana,2018,1061818
Montana,2019,1070123
Montana,2020,1087230
Montana,2021,1106522
Montana,2022,1122095
Montana,2023,1131302
Montana,2024,1137233
North Carolina,1900,1897000
North Carolina,1901,1926000
North Carolina,1902,1956000
North Carolina,1903,1986000
North Carolina,1904,2017000
North Carolina,1905,2051000
North Carolina,1906,2077000
North Carolina,1907,2105000
North Carolina,1908,2142000
North Carolina,1909,2174000
North Carolina,1910,2221000
North Carolina,1911,2276000
North Carolina,1912,2313000
North Carolina,1913,2362000
North Carolina,1914,2421000
North Carolina,1915,2473000
North Carolina,1916,2513000
North Carolina,1917,2546000
North Carolina,1918,2522000
North Carolina,1919,2535000
North Carolina,1920,2588000
North Carolina,1921,2651000
North Carolina,1922,2700000
North Carolina,1923,2761000
North Carolina,1924,2830000
North Carolina,1925,2895000
North Carolina,1926,2959000
North Carolina,1927,3027000
North Carolina,1928,3082000
North Carolina,1929,3133000
North Carolina,1930,3167000
North Carolina,1931,3184000
North Carolina,1932,3227000
North Carolina,1933,3268000
North Carolina,1934,3304000
North Carolina,1935,3323000
North Carolina,1936,3346000
North Carolina,1937,3385000
North Carolina,1938,3440000
North Carolina,1939,3514000
North Carolina,1940,3574000
North Carolina,1941,3589000
North Carolina,1942,3569000
North Carolina,1943,3654000
North Carolina,1944,3560000
North Carolina,1945,3533000
North Carolina,1946,3706000
North Carolina,1947,3769000
North Carolina,1948,3837000
North Carolina,1949,3911000
North Carolina,1950,4068000
North Carolina,1951,4120000
North Carolina,1952,4109000
North Carolina,1953,4120000
North Carolina,1954,4131000
North Carolina,1955,4242000
North Carolina,1956,4309000
North Carolina,1957,4368000
North Carolina,1958,4376000
North Carolina,1959,4458000
North Carolina,1960,4573000
North Carolina,1961,4663000
North Carolina,1962,4707000
North Carolina,1963,4742000
North Carolina,1964,4802000
North Carolina,1965,4863000
North Carolina,1966,4896000
North Carolina,1967,4952000
North Carolina,1968,5004000
North Carolina,1969,5031000
North Carolina,1970,5084411
North Carolina,1971,5203531
North Carolina,1972,5301150
North Carolina,1973,5389852
North Carolina,1974,5470911
North Carolina,1975,5547188
North Carolina,1976,5607964
North Carolina,1977,5685607
North Carolina,1978,5759492
North Carolina,1979,5823491
North Carolina,1980,5898980
North Carolina,1981,5956653
North Carolina,1982,6019101
North Carolina,1983,6077056
North Carolina,1984,6164006
North Carolina,1985,6253954
North Carolina,1986,6321578
North Carolina,1987,6403700
North Carolina,1988,6480594
North Carolina,1989,6565459
North Carolina,1990,6656987
North Carolina,1991,6748135
North Carolina,1992,6831850
North Carolina,1993,6947412
North Carolina,1994,7060959
North Carolina,1995,7185403
North Carolina,1996,7307658
North Carolina,1997,7428672
North Carolina,1998,7545828
North Carolina,1999,7650789
North Carolina,2000,8081614
North Carolina,2001,8210122
North Carolina,2002,8326201
North Carolina,2003,8422501
North Carolina,2004,8553152
North Carolina,2005,8705407
North Carolina,2006,8917270
North Carolina,2007,9118037
North Carolina,2008,9309449
North Carolina,2009,9449566
North Carolina,2010,9574586
North Carolina,2011,9658913
North Carolina,2012,9751810
North Carolina,2013,9846717
North Carolina,2014,9937295
North Carolina,2015,10037218
North Carolina,2016,10161802
North Carolina,2017,10275758
North Carolina,2018,10391358
North Carolina,2019,10501384
North Carolina,2020,10449652
North Carolina,2021,10564320
North Carolina,2022,10710793
North Carolina,2023,10881189
North Carolina,2024,11046024
North Dakota,1900,321000
North Dakota,1901,346000
North Dakota,1902,371000
North Dakota,1903,396000
North Dakota,1904,421000
North Dakota,1905,446000
North Dakota,1906,474000
North Dakota,1907,501000
North Dakota,1908,528000
North Dakota,1909,555000
North Dakota,1910,580000
North Dakota,1911,584000
North Dakota,1912,603000
North Dakota,1913,609000
North Dakota,1914,620000
North Dakota,1915,641000
North Dakota,1916,652000
North Dakota,1917,661000
North Dakota,1918,636000
North Dakota,1919,648000
North Dakota,1920,646000
North Dakota,1921,646000
North Dakota,1922,647000
North Dakota,1923,648000
North Dakota,1924,642000
North Dakota,1925,643000
North Dakota,1926,651000
North Dakota,1927,657000
North Dakota,1928,665000
North Dakota,1929,674000
North Dakota,1930,682000
North Dakota,1931,680000
North Dakota,1932,676000
North Dakota,1933,674000
North Dakota,1934,672000
North Dakota,1935,670000
North Dakota,1936,664000
North Dakota,1937,655000
North Dakota,1938,647000
North Dakota,1939,644000
North Dakota,1940,640000
North Dakota,1941,615000
North Dakota,1942,583000
North Dakota,1943,546000
North Dakota,1944,534000
North Dakota,1945,546000
North Dakota,1946,570000
North Dakota,1947,578000
North Dakota,1948,580000
North Dakota,1949,597000
North Dakota,1950,619000
North Dakota,1951,604000
North Dakota,1952,608000
North Dakota,1953,609000
North Dakota,1954,611000
North Dakota,1955,615000
North Dakota,1956,613000
North Dakota,1957,612000
North Dakota,1958,606000
North Dakota,1959,618000
North Dakota,1960,634000
North Dakota,1961,641000
North Dakota,1962,637000
North Dakota,1963,644000
North Dakota,1964,649000
North Dakota,1965,649000
North Dakota,1966,647000
North Dakota,1967,626000
North Dakota,1968,621000
North Dakota,1969,621000
North Dakota,1970,617792
North Dakota,1971,626760
North Dakota,1972,631119
North Dakota,1973,632675
North Dakota,1974,634559
North Dakota,1975,638886
North Dakota,1976,645797
North Dakota,1977,649769
North Dakota,1978,651301
North Dakota,1979,652896
North Dakota,1980,654380
North Dakota,1981,659505
North Dakota,1982,668972
North Dakota,1983,676688
North Dakota,1984,680497
North Dakota,1985,676980
North Dakota,1986,669512
North Dakota,1987,661136
North Dakota,1988,655331
North Dakota,1989,646351
North Dakota,1990,637364
North Dakota,1991,634199
North Dakota,1992,635427
North Dakota,1993,637229
North Dakota,1994,639762
North Dakota,1995,641548
North Dakota,1996,642858
North Dakota,1997,640945
North Dakota,1998,637808
North Dakota,1999,633666
North Dakota,2000,642023
North Dakota,2001,639062
North Dakota,2002,638168
North Dakota,2003,638817
North Dakota,2004,644705
North Dakota,2005,646089
North Dakota,2006,649422
North Dakota,2007,652822
North Dakota,2008,657569
North Dakota,2009,664968
North Dakota,2010,674752
North Dakota,2011,685526
North Dakota,2012,702227
North Dakota,2013,723149
North Dakota,2014,738736
North Dakota,2015,755537
North Dakota,2016,756114
North Dakota,2017,756755
North Dakota,2018,760062
North Dakota,2019,763724
North Dakota,2020,779563
North Dakota,2021,777966
North Dakota,2022,781057
North Dakota,2023,789047
North Dakota,2024,796568
Nebraska,1900,1067000
Nebraska,1901,1078000
Nebraska,1902,1089000
Nebraska,1903,1104000
Nebraska,1904,1119000
Nebraska,1905,1129000
Nebraska,1906,1138000
Nebraska,1907,1149000
Nebraska,1908,1161000
Nebraska,1909,1177000
Nebraska,1910,1198000
Nebraska,1911,1216000
Nebraska,1912,1232000
Nebraska,1913,1246000
Nebraska,1914,1264000
Nebraska,1915,1272000
Nebraska,1916,1275000
Nebraska,1917,1285000
Nebraska,1918,1266000
Nebraska,1919,1290000
Nebraska,1920,1300000
Nebraska,1921,1309000
Nebraska,1922,1312000
Nebraska,1923,1321000
Nebraska,1924,1333000
Nebraska,1925,1343000
Nebraska,1926,1353000
Nebraska,1927,1365000
Nebraska,1928,1371000
Nebraska,1929,1375000
Nebraska,1930,1380000
Nebraska,1931,1384000
Nebraska,1932,1386000
Nebraska,1933,1385000
Nebraska,1934,1382000
Nebraska,1935,1375000
Nebraska,1936,1358000
Nebraska,1937,1339000
Nebraska,1938,1326000
Nebraska,1939,1318000
Nebraska,1940,1316000
Nebraska,1941,1272000
Nebraska,1942,1239000
Nebraska,1943,1241000
Nebraska,1944,1216000
Nebraska,1945,1211000
Nebraska,1946,1256000
Nebraska,1947,1265000
Nebraska,1948,1265000
Nebraska,1949,1302000
Nebraska,1950,1327000
Nebraska,1951,1316000
Nebraska,1952,1311000
Nebraska,1953,1318000
Nebraska,1954,1340000
Nebraska,1955,1374000
Nebraska,1956,1397000
Nebraska,1957,1394000
Nebraska,1958,1383000
Nebraska,1959,1397000
Nebraska,1960,1417000
Nebraska,1961,1446000
Nebraska,1962,1464000
Nebraska,1963,1476000
Nebraska,1964,1482000
Nebraska,1965,1471000
Nebraska,1966,1456000
Nebraska,1967,1457000
Nebraska,1968,1467000
Nebraska,1969,1474000
Nebraska,1970,1485333
Nebraska,1971,1504604
Nebraska,1972,1519013
Nebraska,1973,1529567
Nebraska,1974,1539191
Nebraska,1975,1543117
Nebraska,1976,1550911
Nebraska,1977,1556842
Nebraska,1978,1563884
Nebraska,1979,1567344
Nebraska,1980,1572296
Nebraska,1981,1578515
Nebraska,1982,1581780
Nebraska,1983,1584293
Nebraska,1984,1588639
Nebraska,1985,1584664
Nebraska,1986,1574333
Nebraska,1987,1566547
Nebraska,1988,1571477
Nebraska,1989,1574864
Nebraska,1990,1580664
Nebraska,1991,1590805
Nebraska,1992,1602406
Nebraska,1993,1612149
Nebraska,1994,1621551
Nebraska,1995,1635142
Nebraska,1996,1647657
Nebraska,1997,1656042
Nebraska,1998,1660772
Nebraska,1999,1666028
Nebraska,2000,1713820
Nebraska,2001,1719836
Nebraska,2002,1728292
Nebraska,2003,1738643
Nebraska,2004,1749370
Nebraska,2005,1761497
Nebraska,2006,1772693
Nebraska,2007,1783440
Nebraska,2008,1796378
Nebraska,2009,1812683
Nebraska,2010,1829591
Nebraska,2011,1840914
Nebraska,2012,1853691
Nebraska,2013,1865813
Nebraska,2014,1879955
Nebraska,2015,1892059
Nebraska,2016,1906483
Nebraska,2017,1916998
Nebraska,2018,1925512
Nebraska,2019,1932571
Nebraska,2020,1963387
Nebraska,2021,1964537
Nebraska,2022,1972246
Nebraska,2023,1987864
Nebraska,2024,2005465
New Hampshire,1900,412000
New Hampshire,1901,412000
New Hampshire,1902,409000
New Hampshire,1903,394000
New Hampshire,1904,407000
New Hampshire,1905,423000
New Hampshire,1906,415000
New Hampshire,1907,423000
New Hampshire,1908,428000
New Hampshire,1909,431000
New Hampshire,1910,431000
New Hampshire,1911,432000
New Hampshire,1912,434000
New Hampshire,1913,439000
New Hampshire,1914,442000
New Hampshire,1915,443000
New Hampshire,1916,445000
New Hampshire,1917,447000
New Hampshire,1918,440000
New Hampshire,1919,443000
New Hampshire,1920,444000
New Hampshire,1921,449000
New Hampshire,1922,451000
New Hampshire,1923,453000
New Hampshire,1924,457000
New Hampshire,1925,459000
New Hampshire,1926,463000
New Hampshire,1927,466000
New Hampshire,1928,468000
New Hampshire,1929,467000
New Hampshire,1930,466000
New Hampshire,1931,470000
New Hampshire,1932,474000
New Hampshire,1933,477000
New Hampshire,1934,480000
New Hampshire,1935,481000
New Hampshire,1936,481000
New Hampshire,1937,481000
New Hampshire,1938,485000
New Hampshire,1939,490000
New Hampshire,1940,492000
New Hampshire,1941,490000
New Hampshire,1942,481000
New Hampshire,1943,462000
New Hampshire,1944,456000
New Hampshire,1945,459000
New Hampshire,1946,494000
New Hampshire,1947,507000
New Hampshire,1948,520000
New Hampshire,1949,533000
New Hampshire,1950,532000
New Hampshire,1951,529000
New Hampshire,1952,535000
New Hampshire,1953,547000
New Hampshire,1954,554000
New Hampshire,1955,557000
New Hampshire,1956,566000
New Hampshire,1957,572000
New Hampshire,1958,581000
New Hampshire,1959,596000
New Hampshire,1960,609000
New Hampshire,1961,618000
New Hampshire,1962,632000
New Hampshire,1963,649000
New Hampshire,1964,663000
New Hampshire,1965,676000
New Hampshire,1966,681000
New Hampshire,1967,697000
New Hampshire,1968,709000
New Hampshire,1969,724000
New Hampshire,1970,737681
New Hampshire,1971,761851
New Hampshire,1972,781107
New Hampshire,1973,800951
New Hampshire,1974,815914
New Hampshire,1975,828555
New Hampshire,1976,845248
New Hampshire,1977,869763
New Hampshire,1978,891520
New Hampshire,1979,909074
New Hampshire,1980,924250
New Hampshire,1981,936621
New Hampshire,1982,947719
New Hampshire,1983,958134
New Hampshire,1984,976864
New Hampshire,1985,996753
New Hampshire,1986,1025053
New Hampshire,1987,1054289
New Hampshire,1988,1082577
New Hampshire,1989,1104522
New Hampshire,1990,1111831
New Hampshire,1991,1107055
New Hampshire,1992,1112766
New Hampshire,1993,1122191
New Hampshire,1994,1133054
New Hampshire,1995,1145604
New Hampshire,1996,1160768
New Hampshire,1997,1173239
New Hampshire,1998,1185823
New Hampshire,1999,1201134
New Hampshire,2000,1239882
New Hampshire,2001,1255517
New Hampshire,2002,1269089
New Hampshire,2003,1279840
New Hampshire,2004,1290121
New Hampshire,2005,1298492
New Hampshire,2006,1308389
New Hampshire,2007,1312540
New Hampshire,2008,1315906
New Hampshire,2009,1316102
New Hampshire,2010,1316807
New Hampshire,2011,1320444
New Hampshire,2012,1324677
New Hampshire,2013,1327272
New Hampshire,2014,1334257
New Hampshire,2015,1337480
New Hampshire,2016,1343694
New Hampshire,2017,1350395
New Hampshire,2018,1355064
New Hampshire,2019,1360783
New Hampshire,2020,1378756
New Hampshire,2021,1387677
New Hampshire,2022,1396678
New Hampshire,2023,1402199
New Hampshire,2024,1409032
New Jersey,1900,1884000
New Jersey,1901,1889000
New Jersey,1902,1917000
New Jersey,1903,1969000
New Jersey,1904,2050000
New Jersey,1905,2151000
New Jersey,1906,2239000
New Jersey,1907,2314000
New Jersey,1908,2403000
New Jersey,1909,2487000
New Jersey,1910,2550000
New Jersey,1911,2610000
New Jersey,1912,2670000
New Jersey,1913,2729000
New Jersey,1914,2789000
New Jersey,1915,2850000
New Jersey,1916,2918000
New Jersey,1917,2976000
New Jersey,1918,3043000
New Jersey,1919,3136000
New Jersey,1920,3198000
New Jersey,1921,3297000
New Jersey,1922,3380000
New Jersey,1923,3472000
New Jersey,1924,3573000
New Jersey,1925,3664000
New Jersey,1926,3758000
New Jersey,1927,3891000
New Jersey,1928,3968000
New Jersey,1929,3989000
New Jersey,1930,4068000
New Jersey,1931,4120000
New Jersey,1932,4120000
New Jersey,1933,4107000
New Jersey,1934,4089000
New Jersey,1935,4085000
New Jersey,1936,4084000
New Jersey,1937,4088000
New Jersey,1938,4100000
New Jersey,1939,4129000
New Jersey,1940,4175000
New Jersey,1941,4254000
New Jersey,1942,4297000
New Jersey,1943,4226000
New Jersey,1944,4158000
New Jersey,1945,4108000
New Jersey,1946,4492000
New Jersey,1947,4618000
New Jersey,1948,4774000
New Jersey,1949,4889000
New Jersey,1950,4872000
New Jersey,1951,5006000
New Jersey,1952,5125000
New Jersey,1953,5229000
New Jersey,1954,5360000
New Jersey,1955,5502000
New Jersey,1956,5615000
New Jersey,1957,5737000
New Jersey,1958,5890000
New Jersey,1959,6015000
New Jersey,1960,6103000
New Jersey,1961,6265000
New Jersey,1962,6376000
New Jersey,1963,6531000
New Jersey,1964,6660000
New Jersey,1965,6767000
New Jersey,1966,6851000
New Jersey,1967,6928000
New Jersey,1968,7005000
New Jersey,1969,7095000
New Jersey,1970,7171112
New Jersey,1971,7281107
New Jersey,1972,7335042
New Jersey,1973,7333083
New Jersey,1974,7332411
New Jersey,1975,7337765
New Jersey,1976,7339745
New Jersey,1977,7337169
New Jersey,1978,7350804
New Jersey,1979,7366512
New Jersey,1980,7376330
New Jersey,1981,7407472
New Jersey,1982,7430968
New Jersey,1983,7467785
New Jersey,1984,7515473
New Jersey,1985,7565528
New Jersey,1986,7622159
New Jersey,1987,7670742
New Jersey,1988,7712333
New Jersey,1989,7726089
New Jersey,1990,7757158
New Jersey,1991,7784269
New Jersey,1992,7827770
New Jersey,1993,7874891
New Jersey,1994,7918796
New Jersey,1995,7965523
New Jersey,1996,8009624
New Jersey,1997,8054178
New Jersey,1998,8095542
New Jersey,1999,8143412
New Jersey,2000,8430621
New Jersey,2001,8492671
New Jersey,2002,8552643
New Jersey,2003,8601402
New Jersey,2004,8634561
New Jersey,2005,8651974
New Jersey,2006,8661679
New Jersey,2007,8677885
New Jersey,2008,8711090
New Jersey,2009,8755602
New Jersey,2010,8799451
New Jersey,2011,8828552
New Jersey,2012,8845671
New Jersey,2013,8857821
New Jersey,2014,8867277
New Jersey,2015,8870312
New Jersey,2016,8873584
New Jersey,2017,8888147
New Jersey,2018,8891730
New Jersey,2019,8891258
New Jersey,2020,9272794
New Jersey,2021,9270541
New Jersey,2022,9295227
New Jersey,2023,9379642
New Jersey,2024,9500851
New Mexico,1900,196000
New Mexico,1901,206000
New Mexico,1902,218000
New Mexico,1903,229000
New Mexico,1904,242000
New Mexico,1905,255000
New Mexico,1906,269000
New Mexico,1907,283000
New Mexico,1908,298000
New Mexico,1909,314000
New Mexico,1910,329000
New Mexico,1911,334000
New Mexico,1912,338000
New Mexico,1913,344000
New Mexico,1914,348000
New Mexico,1915,351000
New Mexico,1916,354000
New Mexico,1917,361000
New Mexico,1918,382000
New Mexico,1919,362000
New Mexico,1920,363000
New Mexico,1921,370000
New Mexico,1922,375000
New Mexico,1923,382000
New Mexico,1924,390000
New Mexico,1925,396000
New Mexico,1926,403000
New Mexico,1927,410000
New Mexico,1928,416000
New Mexico,1929,420000
New Mexico,1930,427000
New Mexico,1931,436000
New Mexico,1932,441000
New Mexico,1933,449000
New Mexico,1934,461000
New Mexico,1935,475000
New Mexico,1936,489000
New Mexico,1937,503000
New Mexico,1938,513000
New Mexico,1939,523000
New Mexico,1940,531000
New Mexico,1941,506000
New Mexico,1942,502000
New Mexico,1943,534000
New Mexico,1944,527000
New Mexico,1945,537000
New Mexico,1946,561000
New Mexico,1947,582000
New Mexico,1948,604000
New Mexico,1949,644000
New Mexico,1950,689000
New Mexico,1951,717000
New Mexico,1952,735000
New Mexico,1953,756000
New Mexico,1954,763000
New Mexico,1955,785000
New Mexico,1956,806000
New Mexico,1957,847000
New Mexico,1958,886000
New Mexico,1959,919000
New Mexico,1960,954000
New Mexico,1961,965000
New Mexico,1962,979000
New Mexico,1963,989000
New Mexico,1964,1006000
New Mexico,1965,1012000
New Mexico,1966,1007000
New Mexico,1967,1000000
New Mexico,1968,994000
New Mexico,1969,1011000
New Mexico,1970,1017055
New Mexico,1971,1053737
New Mexico,1972,1078697
New Mexico,1973,1105529
New Mexico,1974,1131309
New Mexico,1975,1159944
New Mexico,1976,1189295
New Mexico,1977,1215720
New Mexico,1978,1238034
New Mexico,1979,1284722
New Mexico,1980,1309400
New Mexico,1981,1332748
New Mexico,1982,1363823
New Mexico,1983,1394361
New Mexico,1984,1416717
New Mexico,1985,1438361
New Mexico,1986,1462729
New Mexico,1987,1478520
New Mexico,1988,1490337
New Mexico,1989,1503901
New Mexico,1990,1519933
New Mexico,1991,1547115
New Mexico,1992,1580750
New Mexico,1993,1614937
New Mexico,1994,1653329
New Mexico,1995,1682417
New Mexico,1996,1706151
New Mexico,1997,1722939
New Mexico,1998,1733535
New Mexico,1999,1739844
New Mexico,2000,1821204
New Mexico,2001,1831690
New Mexico,2002,1855309
New Mexico,2003,1877574
New Mexico,2004,1903808
New Mexico,2005,1932274
New Mexico,2006,1962137
New Mexico,2007,1990070
New Mexico,2008,2010662
New Mexico,2009,2036802
New Mexico,2010,2064614
New Mexico,2011,2080707
New Mexico,2012,2087715
New Mexico,2013,2092833
New Mexico,2014,2090236
New Mexico,2015,2090071
New Mexico,2016,2092555
New Mexico,2017,2092844
New Mexico,2018,2093754
New Mexico,2019,2099634
New Mexico,2020,2118606
New Mexico,2021,2117333
New Mexico,2022,2113868
New Mexico,2023,2121164
New Mexico,2024,2130256
Nevada,1900,43000
Nevada,1901,45000
Nevada,1902,49000
Nevada,1903,52000
Nevada,1904,56000
Nevada,1905,59000
Nevada,1906,64000
Nevada,1907,68000
Nevada,1908,73000
Nevada,1909,78000
Nevada,1910,82000
Nevada,1911,81000
Nevada,1912,81000
Nevada,1913,82000
Nevada,1914,83000
Nevada,1915,82000
Nevada,1916,82000
Nevada,1917,81000
Nevada,1918,77000
Nevada,1919,77000
Nevada,1920,78000
Nevada,1921,80000
Nevada,1922,81000
Nevada,1923,82000
Nevada,1924,84000
Nevada,1925,85000
Nevada,1926,87000
Nevada,1927,88000
Nevada,1928,89000
Nevada,1929,90000
Nevada,1930,92000
Nevada,1931,94000
Nevada,1932,96000
Nevada,1933,96000
Nevada,1934,98000
Nevada,1935,100000
Nevada,1936,101000
Nevada,1937,103000
Nevada,1938,105000
Nevada,1939,107000
Nevada,1940,113000
Nevada,1941,120000
Nevada,1942,137000
Nevada,1943,151000
Nevada,1944,153000
Nevada,1945,149000
Nevada,1946,143000
Nevada,1947,149000
Nevada,1948,156000
Nevada,1949,157000
Nevada,1950,162000
Nevada,1951,168000
Nevada,1952,181000
Nevada,1953,195000
Nevada,1954,213000
Nevada,1955,237000
Nevada,1956,250000
Nevada,1957,260000
Nevada,1958,269000
Nevada,1959,279000
Nevada,1960,291000
Nevada,1961,315000
Nevada,1962,352000
Nevada,1963,397000
Nevada,1964,426000
Nevada,1965,444000
Nevada,1966,446000
Nevada,1967,449000
Nevada,1968,464000
Nevada,1969,480000
Nevada,1970,488738
Nevada,1971,520018
Nevada,1972,546789
Nevada,1973,568991
Nevada,1974,596822
Nevada,1975,619972
Nevada,1976,646975
Nevada,1977,678333
Nevada,1978,719436
Nevada,1979,765367
Nevada,1980,810215
Nevada,1981,847655
Nevada,1982,881537
Nevada,1983,901977
Nevada,1984,924922
Nevada,1985,951030
Nevada,1986,980613
Nevada,1987,1023376
Nevada,1988,1075022
Nevada,1989,1137382
Nevada,1990,1218629
Nevada,1991,1285046
Nevada,1992,1330694
Nevada,1993,1380197
Nevada,1994,1456388
Nevada,1995,1525777
Nevada,1996,1596476
Nevada,1997,1675581
Nevada,1998,1743772
Nevada,1999,1809253
Nevada,2000,2018741
Nevada,2001,2098399
Nevada,2002,2173791
Nevada,2003,2248850
Nevada,2004,2346222
Nevada,2005,2432143
Nevada,2006,2522658
Nevada,2007,2601072
Nevada,2008,2653630
Nevada,2009,2684665
Nevada,2010,2702483
Nevada,2011,2713114
Nevada,2012,2744670
Nevada,2013,2776956
Nevada,2014,2818935
Nevada,2015,2868531
Nevada,2016,2919555
Nevada,2017,2972097
Nevada,2018,3030725
Nevada,2019,3090771
Nevada,2020,3116967
Nevada,2021,3148141
Nevada,2022,3176116
Nevada,2023,3214363
Nevada,2024,3267467
New York,1900,7283000
New York,1901,7449000
New York,1902,7612000
New York,1903,7771000
New York,1904,7927000
New York,1905,8084000
New York,1906,8289000
New York,1907,8499000
New York,1908,8714000
New York,1909,8935000
New York,1910,9137000
New York,1911,9249000
New York,1912,9361000
New York,1913,9473000
New York,1914,9585000
New York,1915,9700000
New York,1916,9848000
New York,1917,9993000
New York,1918,9936000
New York,1919,10252000
New York,1920,10282000
New York,1921,10416000
New York,1922,10589000
New York,1923,10752000
New York,1924,10953000
New York,1925,11186000
New York,1926,11257000
New York,1927,11174000
New York,1928,11599000
New York,1929,12171000
New York,1930,12647000
New York,1931,12848000
New York,1932,13001000
New York,1933,13126000
New York,1934,13253000
New York,1935,13375000
New York,1936,13481000
New York,1937,13511000
New York,1938,13512000
New York,1939,13523000
New York,1940,13456000
New York,1941,13267000
New York,1942,13002000
New York,1943,12807000
New York,1944,12628000
New York,1945,12495000
New York,1946,13398000
New York,1947,13982000
New York,1948,14497000
New York,1949,14892000
New York,1950,14865000
New York,1951,14890000
New York,1952,15192000
New York,1953,15527000
New York,1954,15814000
New York,1955,15966000
New York,1956,16112000
New York,1957,16374000
New York,1958,16601000
New York,1959,16685000
New York,1960,16838000
New York,1961,17061000
New York,1962,17301000
New York,1963,17461000
New York,1964,17589000
New York,1965,17734000
New York,1966,17843000
New York,1967,17935000
New York,1968,18051000
New York,1969,18105000
New York,1970,18241391
New York,1971,18357982
New York,1972,18339400
New York,1973,18177063
New York,1974,18049775
New York,1975,18003485
New York,1976,17940541
New York,1977,17812602
New York,1978,17680589
New York,1979,17583838
New York,1980,17566754
New York,1981,17567734
New York,1982,17589738
New York,1983,17686905
New York,1984,17745684
New York,1985,17791672
New York,1986,17833419
New York,1987,17868848
New York,1988,17941309
New York,1989,17983086
New York,1990,18002855
New York,1991,18029532
New York,1992,18082032
New York,1993,18140894
New York,1994,18156652
New York,1995,18150928
New York,1996,18143805
New York,1997,18143184
New York,1998,18159175
New York,1999,18196601
New York,2000,19001780
New York,2001,19082838
New York,2002,19137800
New York,2003,19175939
New York,2004,19171567
New York,2005,19132610
New York,2006,19104631
New York,2007,19132335
New York,2008,19212436
New York,2009,19307066
New York,2010,19399956
New York,2011,19499921
New York,2012,19574362
New York,2013,19626488
New York,2014,19653431
New York,2015,19657321
New York,2016,19636391
New York,2017,19593849
New York,2018,19544098
New York,2019,19463131
New York,2020,20105171
New York,2021,19848276
New York,2022,19703747
New York,2023,19737367
New York,2024,19867248
Ohio,1900,4161000
Ohio,1901,4216000
Ohio,1902,4322000
Ohio,1903,4386000
Ohio,1904,4458000
Ohio,1905,4530000
Ohio,1906,4587000
Ohio,1907,4630000
Ohio,1908,4677000
Ohio,1909,4701000
Ohio,1910,4786000
Ohio,1911,4821000
Ohio,1912,4893000
Ohio,1913,4997000
Ohio,1914,5109000
Ohio,1915,5251000
Ohio,1916,5366000
Ohio,1917,5510000
Ohio,1918,5547000
Ohio,1919,5683000
Ohio,1920,5799000
Ohio,1921,5921000
Ohio,1922,6054000
Ohio,1923,6183000
Ohio,1924,6319000
Ohio,1925,6434000
Ohio,1926,6504000
Ohio,1927,6577000
Ohio,1928,6608000
Ohio,1929,6626000
Ohio,1930,6662000
Ohio,1931,6694000
Ohio,1932,6717000
Ohio,1933,6740000
Ohio,1934,6751000
Ohio,1935,6787000
Ohio,1936,6801000
Ohio,1937,6809000
Ohio,1938,6837000
Ohio,1939,6886000
Ohio,1940,6929000
Ohio,1941,6958000
Ohio,1942,6969000
Ohio,1943,6868000
Ohio,1944,6918000
Ohio,1945,6916000
Ohio,1946,7512000
Ohio,1947,7705000
Ohio,1948,7876000
Ohio,1949,7973000
Ohio,1950,7980000
Ohio,1951,8061000
Ohio,1952,8275000
Ohio,1953,8591000
Ohio,1954,8873000
Ohio,1955,9017000
Ohio,1956,9207000
Ohio,1957,9410000
Ohio,1958,9599000
Ohio,1959,9671000
Ohio,1960,9734000
Ohio,1961,9854000
Ohio,1962,9929000
Ohio,1963,9986000
Ohio,1964,10080000
Ohio,1965,10201000
Ohio,1966,10330000
Ohio,1967,10414000
Ohio,1968,10516000
Ohio,1969,10563000
Ohio,1970,10657423
Ohio,1971,10734818
Ohio,1972,10746993
Ohio,1973,10767314
Ohio,1974,10765759
Ohio,1975,10770425
Ohio,1976,10752662
Ohio,1977,10771394
Ohio,1978,10795581
Ohio,1979,10798298
Ohio,1980,10800650
Ohio,1981,10788330
Ohio,1982,10757087
Ohio,1983,10737632
Ohio,1984,10737746
Ohio,1985,10734926
Ohio,1986,10730268
Ohio,1987,10760090
Ohio,1988,10798552
Ohio,1989,10829217
Ohio,1990,10861837
Ohio,1991,10933683
Ohio,1992,11007609
Ohio,1993,11070385
Ohio,1994,11111451
Ohio,1995,11155493
Ohio,1996,11187032
Ohio,1997,11212498
Ohio,1998,11237752
Ohio,1999,11256654
Ohio,2000,11363543
Ohio,2001,11387404
Ohio,2002,11407889
Ohio,2003,11434788
Ohio,2004,11452251
Ohio,2005,11463320
Ohio,2006,11481213
Ohio,2007,11500468
Ohio,2008,11515391
Ohio,2009,11528896
Ohio,2010,11539449
Ohio,2011,11545735
Ohio,2012,11550971
Ohio,2013,11579692
Ohio,2014,11606573
Ohio,2015,11622315
Ohio,2016,11640060
Ohio,2017,11665706
Ohio,2018,11680892
Ohio,2019,11696507
Ohio,2020,11798905
Ohio,2021,11767344
Ohio,2022,11777874
Ohio,2023,11824034
Ohio,2024,11883304
Oklahoma,1900,800000
Oklahoma,1901,916000
Oklahoma,1902,1027000
Oklahoma,1903,1118000
Oklahoma,1904,1200000
Oklahoma,1905,1277000
Oklahoma,1906,1349000
Oklahoma,1907,1414000
Oklahoma,1908,1498000
Oklahoma,1909,1585000
Oklahoma,1910,1671000
Oklahoma,1911,1714000
Oklahoma,1912,1737000
Oklahoma,1913,1777000
Oklahoma,1914,1824000
Oklahoma,1915,1860000
Oklahoma,1916,1907000
Oklahoma,1917,1960000
Oklahoma,1918,1969000
Oklahoma,1919,2003000
Oklahoma,1920,2055000
Oklahoma,1921,2108000
Oklahoma,1922,2140000
Oklahoma,1923,2159000
Oklahoma,1924,2179000
Oklahoma,1925,2216000
Oklahoma,1926,2256000
Oklahoma,1927,2306000
Oklahoma,1928,2344000
Oklahoma,1929,2372000
Oklahoma,1930,2401000
Oklahoma,1931,2403000
Oklahoma,1932,2394000
Oklahoma,1933,2392000
Oklahoma,1934,2391000
Oklahoma,1935,2386000
Oklahoma,1936,2365000
Oklahoma,1937,2334000
Oklahoma,1938,2324000
Oklahoma,1939,2333000
Oklahoma,1940,2325000
Oklahoma,1941,2262000
Oklahoma,1942,2215000
Oklahoma,1943,2205000
Oklahoma,1944,2043000
Oklahoma,1945,2028000
Oklahoma,1946,2128000
Oklahoma,1947,2133000
Oklahoma,1948,2089000
Oklahoma,1949,2105000
Oklahoma,1950,2229000
Oklahoma,1951,2210000
Oklahoma,1952,2219000
Oklahoma,1953,2182000
Oklahoma,1954,2209000
Oklahoma,1955,2250000
Oklahoma,1956,2273000
Oklahoma,1957,2282000
Oklahoma,1958,2267000
Oklahoma,1959,2289000
Oklahoma,1960,2336000
Oklahoma,1961,2380000
Oklahoma,1962,2427000
Oklahoma,1963,2439000
Oklahoma,1964,2446000
Oklahoma,1965,2440000
Oklahoma,1966,2454000
Oklahoma,1967,2489000
Oklahoma,1968,2503000
Oklahoma,1969,2535000
Oklahoma,1970,2559463
Oklahoma,1971,2618601
Oklahoma,1972,2658646
Oklahoma,1973,2695931
Oklahoma,1974,2734768
Oklahoma,1975,2774683
Oklahoma,1976,2826815
Oklahoma,1977,2870014
Oklahoma,1978,2917336
Oklahoma,1979,2975310
Oklahoma,1980,3040758
Oklahoma,1981,3096164
Oklahoma,1982,3206123
Oklahoma,1983,3290402
Oklahoma,1984,3285533
Oklahoma,1985,3271332
Oklahoma,1986,3252735
Oklahoma,1987,3210122
Oklahoma,1988,3167057
Oklahoma,1989,3150307
Oklahoma,1990,3147105
Oklahoma,1991,3166471
Oklahoma,1992,3204174
Oklahoma,1993,3228829
Oklahoma,1994,3246119
Oklahoma,1995,3265547
Oklahoma,1996,3289634
Oklahoma,1997,3314259
Oklahoma,1998,3339478
Oklahoma,1999,3358044
Oklahoma,2000,3454365
Oklahoma,2001,3467100
Oklahoma,2002,3489080
Oklahoma,2003,3504892
Oklahoma,2004,3525233
Oklahoma,2005,3548597
Oklahoma,2006,3594090
Oklahoma,2007,3634349
Oklahoma,2008,3668976
Oklahoma,2009,3717572
Oklahoma,2010,3760014
Oklahoma,2011,3788824
Oklahoma,2012,3819320
Oklahoma,2013,3853891
Oklahoma,2014,3879187
Oklahoma,2015,3910518
Oklahoma,2016,3928143
Oklahoma,2017,3933602
Oklahoma,2018,3943488
Oklahoma,2019,3960676
Oklahoma,2020,3965415
Oklahoma,2021,3992238
Oklahoma,2022,4026229
Oklahoma,2023,4063882
Oklahoma,2024,4095393
Oregon,1900,415000
Oregon,1901,434000
Oregon,1902,454000
Oregon,1903,479000
Oregon,1904,504000
Oregon,1905,530000
Oregon,1906,555000
Oregon,1907,580000
Oregon,1908,610000
Oregon,1909,643000
Oregon,1910,677000
Oregon,1911,692000
Oregon,1912,706000
Oregon,1913,722000
Oregon,1914,736000
Oregon,1915,745000
Oregon,1916,756000
Oregon,1917,763000
Oregon,1918,763000
Oregon,1919,774000
Oregon,1920,788000
Oregon,1921,798000
Oregon,1922,814000
Oregon,1923,833000
Oregon,1924,856000
Oregon,1925,883000
Oregon,1926,905000
Oregon,1927,925000
Oregon,1928,936000
Oregon,1929,947000
Oregon,1930,956000
Oregon,1931,966000
Oregon,1932,972000
Oregon,1933,978000
Oregon,1934,985000
Oregon,1935,1001000
Oregon,1936,1025000
Oregon,1937,1048000
Oregon,1938,1067000
Oregon,1939,1081000
Oregon,1940,1086000
Oregon,1941,1071000
Oregon,1942,1107000
Oregon,1943,1221000
Oregon,1944,1233000
Oregon,1945,1250000
Oregon,1946,1338000
Oregon,1947,1361000
Oregon,1948,1405000
Oregon,1949,1431000
Oregon,1950,1532000
Oregon,1951,1556000
Oregon,1952,1582000
Oregon,1953,1601000
Oregon,1954,1626000
Oregon,1955,1659000
Oregon,1956,1698000
Oregon,1957,1712000
Oregon,1958,1718000
Oregon,1959,1746000
Oregon,1960,1772000
Oregon,1961,1787000
Oregon,1962,1818000
Oregon,1963,1853000
Oregon,1964,1888000
Oregon,1965,1937000
Oregon,1966,1969000
Oregon,1967,1979000
Oregon,1968,2004000
Oregon,1969,2062000
Oregon,1970,2091533
Oregon,1971,2151022
Oregon,1972,2197297
Oregon,1973,2241932
Oregon,1974,2285013
Oregon,1975,2329661
Oregon,1976,2378262
Oregon,1977,2446673
Oregon,1978,2518298
Oregon,1979,2588012
Oregon,1980,2641218
Oregon,1981,2667982
Oregon,1982,2664922
Oregon,1983,2653066
Oregon,1984,2666588
Oregon,1985,2672652
Oregon,1986,2683528
Oregon,1987,2700991
Oregon,1988,2741297
Oregon,1989,2790575
Oregon,1990,2858547
Oregon,1991,2918745
Oregon,1992,2973934
Oregon,1993,3034490
Oregon,1994,3087142
Oregon,1995,3141421
Oregon,1996,3195087
Oregon,1997,3243254
Oregon,1998,3282055
Oregon,1999,3316154
Oregon,2000,3429708
Oregon,2001,3467937
Oregon,2002,3513424
Oregon,2003,3547376
Oregon,2004,3569463
Oregon,2005,3613202
Oregon,2006,3670883
Oregon,2007,3722417
Oregon,2008,3768748
Oregon,2009,3808600
Oregon,2010,3837614
Oregon,2011,3872672
Oregon,2012,3900102
Oregon,2013,3924110
Oregon,2014,3965447
Oregon,2015,4018542
Oregon,2016,4093271
Oregon,2017,4147294
Oregon,2018,4183538
Oregon,2019,4216116
Oregon,2020,4243779
Oregon,2021,4254280
Oregon,2022,4247372
Oregon,2023,4253653
Oregon,2024,4272371
Pennsylvania,1900,6313000
Pennsylvania,1901,6439000
Pennsylvania,1902,6567000
Pennsylvania,1903,6699000
Pennsylvania,1904,6833000
Pennsylvania,1905,6970000
Pennsylvania,1906,7110000
Pennsylvania,1907,7253000
Pennsylvania,1908,7398000
Pennsylvania,1909,7546000
Pennsylvania,1910,7706000
Pennsylvania,1911,7850000
Pennsylvania,1912,7986000
Pennsylvania,1913,8139000
Pennsylvania,1914,8276000
Pennsylvania,1915,8362000
Pennsylvania,1916,8463000
Pennsylvania,1917,8578000
Pennsylvania,1918,8524000
Pennsylvania,1919,8643000
Pennsylvania,1920,8740000
Pennsylvania,1921,8900000
Pennsylvania,1922,8982000
Pennsylvania,1923,9148000
Pennsylvania,1924,9383000
Pennsylvania,1925,9478000
Pennsylvania,1926,9594000
Pennsylvania,1927,9745000
Pennsylvania,1928,9802000
Pennsylvania,1929,9723000
Pennsylvania,1930,9649000
Pennsylvania,1931,9707000
Pennsylvania,1932,9764000
Pennsylvania,1933,9784000
Pennsylvania,1934,9795000
Pennsylvania,1935,9774000
Pennsylvania,1936,9767000
Pennsylvania,1937,9790000
Pennsylvania,1938,9952000
Pennsylvania,1939,9901000
Pennsylvania,1940,9896000
Pennsylvania,1941,9911000
Pennsylvania,1942,9704000
Pennsylvania,1943,9444000
Pennsylvania,1944,9214000
Pennsylvania,1945,9143000
Pennsylvania,1946,9866000
Pennsylvania,1947,10196000
Pennsylvania,1948,10287000
Pennsylvania,1949,10390000
Pennsylvania,1950,10507000
Pennsylvania,1951,10461000
Pennsylvania,1952,10503000
Pennsylvania,1953,10662000
Pennsylvania,1954,10817000
Pennsylvania,1955,10939000
Pennsylvania,1956,10972000
Pennsylvania,1957,10954000
Pennsylvania,1958,11058000
Pennsylvania,1959,11234000
Pennsylvania,1960,11329000
Pennsylvania,1961,11392000
Pennsylvania,1962,11355000
Pennsylvania,1963,11424000
Pennsylvania,1964,11519000
Pennsylvania,1965,11620000
Pennsylvania,1966,11664000
Pennsylvania,1967,11681000
Pennsylvania,1968,11741000
Pennsylvania,1969,11741000
Pennsylvania,1970,11800766
Pennsylvania,1971,11886400
Pennsylvania,1972,11908233
Pennsylvania,1973,11890527
Pennsylvania,1974,11870884
Pennsylvania,1975,11906095
Pennsylvania,1976,11897378
Pennsylvania,1977,11893591
Pennsylvania,1978,11879396
Pennsylvania,1979,11887975
Pennsylvania,1980,11868305
Pennsylvania,1981,11858567
Pennsylvania,1982,11845146
Pennsylvania,1983,11837723
Pennsylvania,1984,11815172
Pennsylvania,1985,11770862
Pennsylvania,1986,11782752
Pennsylvania,1987,11810866
Pennsylvania,1988,11845752
Pennsylvania,1989,11865996
Pennsylvania,1990,11895604
Pennsylvania,1991,11943160
Pennsylvania,1992,11980819
Pennsylvania,1993,12022128
Pennsylvania,1994,12042545
Pennsylvania,1995,12044780
Pennsylvania,1996,12038008
Pennsylvania,1997,12015888
Pennsylvania,1998,12002329
Pennsylvania,1999,11994016
Pennsylvania,2000,12284173
Pennsylvania,2001,12298970
Pennsylvania,2002,12331031
Pennsylvania,2003,12374658
Pennsylvania,2004,12410722
Pennsylvania,2005,12449990
Pennsylvania,2006,12510809
Pennsylvania,2007,12563937
Pennsylvania,2008,12612285
Pennsylvania,2009,12666858
Pennsylvania,2010,12711406
Pennsylvania,2011,12747052
Pennsylvania,2012,12769123
Pennsylvania,2013,12779538
Pennsylvania,2014,12792392
Pennsylvania,2015,12789838
Pennsylvania,2016,12788468
Pennsylvania,2017,12794679
Pennsylvania,2018,12809107
Pennsylvania,2019,12798883
Pennsylvania,2020,12996143
Pennsylvania,2021,13015571
Pennsylvania,2022,12984990
Pennsylvania,2023,13017721
Pennsylvania,2024,13078751
Rhode Island,1900,430000
Rhode Island,1901,441000
Rhode Island,1902,450000
Rhode Island,1903,460000
Rhode Island,1904,471000
Rhode Island,1905,481000
Rhode Island,1906,492000
Rhode Island,1907,505000
Rhode Island,1908,519000
Rhode Island,1909,532000
Rhode Island,1910,545000
Rhode Island,1911,556000
Rhode Island,1912,567000
Rhode Island,1913,578000
Rhode Island,1914,589000
Rhode Island,1915,597000
Rhode Island,1916,598000
Rhode Island,1917,606000
Rhode Island,1918,604000
Rhode Island,1919,603000
Rhode Island,1920,613000
Rhode Island,1921,629000
Rhode Island,1922,644000
Rhode Island,1923,656000
Rhode Island,1924,669000
Rhode Island,1925,680000
Rhode Island,1926,681000
Rhode Island,1927,677000
Rhode Island,1928,678000
Rhode Island,1929,684000
Rhode Island,1930,686000
Rhode Island,1931,681000
Rhode Island,1932,677000
Rhode Island,1933,675000
Rhode Island,1934,675000
Rhode Island,1935,678000
Rhode Island,1936,686000
Rhode Island,1937,694000
Rhode Island,1938,694000
Rhode Island,1939,701000
Rhode Island,1940,719000
Rhode Island,1941,731000
Rhode Island,1942,748000
Rhode Island,1943,760000
Rhode Island,1944,795000
Rhode Island,1945,776000
Rhode Island,1946,770000
Rhode Island,1947,776000
Rhode Island,1948,787000
Rhode Island,1949,801000
Rhode Island,1950,786000
Rhode Island,1951,784000
Rhode Island,1952,802000
Rhode Island,1953,815000
Rhode Island,1954,816000
Rhode Island,1955,823000
Rhode Island,1956,840000
Rhode Island,1957,851000
Rhode Island,1958,858000
Rhode Island,1959,857000
Rhode Island,1960,855000
Rhode Island,1961,858000
Rhode Island,1962,871000
Rhode Island,1963,876000
Rhode Island,1964,885000
Rhode Island,1965,893000
Rhode Island,1966,899000
Rhode Island,1967,909000
Rhode Island,1968,922000
Rhode Island,1969,932000
Rhode Island,1970,949723
Rhode Island,1971,963107
Rhode Island,1972,974790
Rhode Island,1973,975738
Rhode Island,1974,950615
Rhode Island,1975,942788
Rhode Island,1976,946089
Rhode Island,1977,950230
Rhode Island,1978,951816
Rhode Island,1979,950382
Rhode Island,1980,948773
Rhode Island,1981,953013
Rhode Island,1982,954170
Rhode Island,1983,956382
Rhode Island,1984,961894
Rhode Island,1985,968955
Rhode Island,1986,977341
Rhode Island,1987,989604
Rhode Island,1988,996408
Rhode Island,1989,1000666
Rhode Island,1990,1004649
Rhode Island,1991,1003990
Rhode Island,1992,1000571
Rhode Island,1993,997852
Rhode Island,1994,993412
Rhode Island,1995,989203
Rhode Island,1996,987858
Rhode Island,1997,986966
Rhode Island,1998,987704
Rhode Island,1999,990819
Rhode Island,2000,1050268
Rhode Island,2001,1057142
Rhode Island,2002,1065995
Rhode Island,2003,1071342
Rhode Island,2004,1074579
Rhode Island,2005,1067916
Rhode Island,2006,1063096
Rhode Island,2007,1057315
Rhode Island,2008,1055003
Rhode Island,2009,1053646
Rhode Island,2010,1053994
Rhode Island,2011,1053829
Rhode Island,2012,1054893
Rhode Island,2013,1055560
Rhode Island,2014,1056511
Rhode Island,2015,1056886
Rhode Island,2016,1057816
Rhode Island,2017,1056554
Rhode Island,2018,1059338
Rhode Island,2019,1058158
Rhode Island,2020,1096530
Rhode Island,2021,1097246
Rhode Island,2022,1099498
Rhode Island,2023,1103429
Rhode Island,2024,1112308
South Carolina,1900,1342000
South Carolina,1901,1361000
South Carolina,1902,1379000
South Carolina,1903,1397000
South Carolina,1904,1415000
South Carolina,1905,1433000
South Carolina,1906,1451000
South Carolina,1907,1468000
South Carolina,1908,1485000
South Carolina,1909,1502000
South Carolina,1910,1523000
South Carolina,1911,1548000
South Carolina,1912,1572000
South Carolina,1913,1599000
South Carolina,1914,1622000
South Carolina,1915,1635000
South Carolina,1916,1650000
South Carolina,1917,1675000
South Carolina,1918,1746000
South Carolina,1919,1687000
South Carolina,1920,1685000
South Carolina,1921,1693000
South Carolina,1922,1692000
South Carolina,1923,1699000
South Carolina,1924,1710000
South Carolina,1925,1718000
South Carolina,1926,1726000
South Carolina,1927,1736000
South Carolina,1928,1739000
South Carolina,1929,1739000
South Carolina,1930,1745000
South Carolina,1931,1753000
South Carolina,1932,1748000
South Carolina,1933,1752000
South Carolina,1934,1760000
South Carolina,1935,1769000
South Carolina,1936,1781000
South Carolina,1937,1802000
South Carolina,1938,1834000
South Carolina,1939,1872000
South Carolina,1940,1902000
South Carolina,1941,1962000
South Carolina,1942,2007000
South Carolina,1943,1967000
South Carolina,1944,1943000
South Carolina,1945,1934000
South Carolina,1946,1936000
South Carolina,1947,1992000
South Carolina,1948,1996000
South Carolina,1949,2029000
South Carolina,1950,2113000
South Carolina,1951,2167000
South Carolina,1952,2178000
South Carolina,1953,2181000
South Carolina,1954,2176000
South Carolina,1955,2200000
South Carolina,1956,2229000
South Carolina,1957,2274000
South Carolina,1958,2304000
South Carolina,1959,2348000
South Carolina,1960,2392000
South Carolina,1961,2409000
South Carolina,1962,2423000
South Carolina,1963,2460000
South Carolina,1964,2475000
South Carolina,1965,2494000
South Carolina,1966,2520000
South Carolina,1967,2533000
South Carolina,1968,2559000
South Carolina,1969,2570000
South Carolina,1970,2590713
South Carolina,1971,2662269
South Carolina,1972,2719197
South Carolina,1973,2776605
South Carolina,1974,2844749
South Carolina,1975,2902028
South Carolina,1976,2943657
South Carolina,1977,2991681
South Carolina,1978,3044364
South Carolina,1979,3090267
South Carolina,1980,3134502
South Carolina,1981,3179255
South Carolina,1982,3207614
South Carolina,1983,3234066
South Carolina,1984,3271868
South Carolina,1985,3303209
South Carolina,1986,3342758
South Carolina,1987,3380506
South Carolina,1988,3412096
South Carolina,1989,3456775
South Carolina,1990,3499064
South Carolina,1991,3559470
South Carolina,1992,3600576
South Carolina,1993,3634507
South Carolina,1994,3666456
South Carolina,1995,3699943
South Carolina,1996,3738974
South Carolina,1997,3790066
South Carolina,1998,3839578
South Carolina,1999,3885736
South Carolina,2000,4024223
South Carolina,2001,4064995
South Carolina,2002,4107795
South Carolina,2003,4150297
South Carolina,2004,4210921
South Carolina,2005,4270150
South Carolina,2006,4357847
South Carolina,2007,4444110
South Carolina,2008,4528996
South Carolina,2009,4589872
South Carolina,2010,4635846
South Carolina,2011,4672655
South Carolina,2012,4719027
South Carolina,2013,4766469
South Carolina,2014,4826858
South Carolina,2015,4896006
South Carolina,2016,4963031
South Carolina,2017,5027102
South Carolina,2018,5091702
South Carolina,2019,5157702
South Carolina,2020,5132249
South Carolina,2021,5194274
South Carolina,2022,5287935
South Carolina,2023,5387830
South Carolina,2024,5478831
South Dakota,1900,403000
South Dakota,1901,418000
South Dakota,1902,431000
South Dakota,1903,437000
South Dakota,1904,452000
South Dakota,1905,461000
South Dakota,1906,477000
South Dakota,1907,498000
South Dakota,1908,527000
South Dakota,1909,553000
South Dakota,1910,590000
South Dakota,1911,602000
South Dakota,1912,592000
South Dakota,1913,584000
South Dakota,1914,581000
South Dakota,1915,585000
South Dakota,1916,595000
South Dakota,1917,599000
South Dakota,1918,570000
South Dakota,1919,606000
South Dakota,1920,640000
South Dakota,1921,652000
South Dakota,1922,660000
South Dakota,1923,669000
South Dakota,1924,673000
South Dakota,1925,682000
South Dakota,1926,683000
South Dakota,1927,682000
South Dakota,1928,685000
South Dakota,1929,690000
South Dakota,1930,693000
South Dakota,1931,694000
South Dakota,1932,692000
South Dakota,1933,690000
South Dakota,1934,682000
South Dakota,1935,674000
South Dakota,1936,666000
South Dakota,1937,656000
South Dakota,1938,649000
South Dakota,1939,645000
South Dakota,1940,641000
South Dakota,1941,613000
South Dakota,1942,589000
South Dakota,1943,587000
South Dakota,1944,565000
South Dakota,1945,579000
South Dakota,1946,588000
South Dakota,1947,601000
South Dakota,1948,612000
South Dakota,1949,631000
South Dakota,1950,655000
South Dakota,1951,655000
South Dakota,1952,651000
South Dakota,1953,648000
South Dakota,1954,655000
South Dakota,1955,663000
South Dakota,1956,670000
South Dakota,1957,666000
South Dakota,1958,656000
South Dakota,1959,667000
South Dakota,1960,683000
South Dakota,1961,693000
South Dakota,1962,705000
South Dakota,1963,708000
South Dakota,1964,701000
South Dakota,1965,692000
South Dakota,1966,683000
South Dakota,1967,671000
South Dakota,1968,669000
South Dakota,1969,668000
South Dakota,1970,666257
South Dakota,1971,671297
South Dakota,1972,677234
South Dakota,1973,678715
South Dakota,1974,679585
South Dakota,1975,681042
South Dakota,1976,686390
South Dakota,1977,688480
South Dakota,1978,688580
South Dakota,1979,688335
South Dakota,1980,690851
South Dakota,1981,689584
South Dakota,1982,690597
South Dakota,1983,693008
South Dakota,1984,697249
South Dakota,1985,698402
South Dakota,1986,696034
South Dakota,1987,696036
South Dakota,1988,698165
South Dakota,1989,696701
South Dakota,1990,696667
South Dakota,1991,701445
South Dakota,1992,708698
South Dakota,1993,716258
South Dakota,1994,723038
South Dakota,1995,728251
South Dakota,1996,730699
South Dakota,1997,730855
South Dakota,1998,730789
South Dakota,1999,733133
South Dakota,2000,755844
South Dakota,2001,757972
South Dakota,2002,760020
South Dakota,2003,763729
South Dakota,2004,770396
South Dakota,2005,775493
South Dakota,2006,783033
South Dakota,2007,791623
South Dakota,2008,799124
South Dakota,2009,807067
South Dakota,2010,816193
South Dakota,2011,823740
South Dakota,2012,833859
South Dakota,2013,842751
South Dakota,2014,849670
South Dakota,2015,854663
South Dakota,2016,863693
South Dakota,2017,873732
South Dakota,2018,879386
South Dakota,2019,887127
South Dakota,2020,887948
South Dakota,2021,896492
South Dakota,2022,909723
South Dakota,2023,918305
South Dakota,2024,924669
Tennessee,1900,2023000
Tennessee,1901,2041000
Tennessee,1902,2060000
Tennessee,1903,2082000
Tennessee,1904,2086000
Tennessee,1905,2111000
Tennessee,1906,2136000
Tennessee,1907,2136000
Tennessee,1908,2164000
Tennessee,1909,2177000
Tennessee,1910,2191000
Tennessee,1911,2197000
Tennessee,1912,2218000
Tennessee,1913,2257000
Tennessee,1914,2289000
Tennessee,1915,2294000
Tennessee,1916,2304000
Tennessee,1917,2331000
Tennessee,1918,2288000
Tennessee,1919,2305000
Tennessee,1920,2329000
Tennessee,1921,2369000
Tennessee,1922,2424000
Tennessee,1923,2463000
Tennessee,1924,2502000
Tennessee,1925,2531000
Tennessee,1926,2553000
Tennessee,1927,2608000
Tennessee,1928,2624000
Tennessee,1929,2604000
Tennessee,1930,2619000
Tennessee,1931,2657000
Tennessee,1932,2711000
Tennessee,1933,2747000
Tennessee,1934,2784000
Tennessee,1935,2798000
Tennessee,1936,2791000
Tennessee,1937,2795000
Tennessee,1938,2821000
Tennessee,1939,2874000
Tennessee,1940,2935000
Tennessee,1941,2973000
Tennessee,1942,2939000
Tennessee,1943,2972000
Tennessee,1944,2868000
Tennessee,1945,2878000
Tennessee,1946,3074000
Tennessee,1947,3166000
Tennessee,1948,3216000
Tennessee,1949,3236000
Tennessee,1950,3315000
Tennessee,1951,3372000
Tennessee,1952,3352000
Tennessee,1953,3319000
Tennessee,1954,3359000
Tennessee,1955,3415000
Tennessee,1956,3415000
Tennessee,1957,3434000
Tennessee,1958,3471000
Tennessee,1959,3522000
Tennessee,1960,3575000
Tennessee,1961,3622000
Tennessee,1962,3673000
Tennessee,1963,3718000
Tennessee,1964,3771000
Tennessee,1965,3798000
Tennessee,1966,3822000
Tennessee,1967,3859000
Tennessee,1968,3878000
Tennessee,1969,3897000
Tennessee,1970,3926018
Tennessee,1971,4013608
Tennessee,1972,4094611
Tennessee,1973,4147401
Tennessee,1974,4213509
Tennessee,1975,4275566
Tennessee,1976,4346928
Tennessee,1977,4422921
Tennessee,1978,4486314
Tennessee,1979,4560473
Tennessee,1980,4600252
Tennessee,1981,4627658
Tennessee,1982,4646041
Tennessee,1983,4659749
Tennessee,1984,4686737
Tennessee,1985,4715296
Tennessee,1986,4738708
Tennessee,1987,4782927
Tennessee,1988,4822437
Tennessee,1989,4854444
Tennessee,1990,4890626
Tennessee,1991,4946886
Tennessee,1992,5013999
Tennessee,1993,5085666
Tennessee,1994,5163016
Tennessee,1995,5241168
Tennessee,1996,5313576
Tennessee,1997,5378433
Tennessee,1998,5432679
Tennessee,1999,5483535
Tennessee,2000,5703719
Tennessee,2001,5750789
Tennessee,2002,5795918
Tennessee,2003,5847812
Tennessee,2004,5910809
Tennessee,2005,5991057
Tennessee,2006,6088766
Tennessee,2007,6175727
Tennessee,2008,6247411
Tennessee,2009,6306019
Tennessee,2010,6355518
Tennessee,2011,6400298
Tennessee,2012,6455752
Tennessee,2013,6496943
Tennessee,2014,6544617
Tennessee,2015,6595354
Tennessee,2016,6651277
Tennessee,2017,6714748
Tennessee,2018,6778180
Tennessee,2019,6830325
Tennessee,2020,6927904
Tennessee,2021,6965740
Tennessee,2022,7062217
Tennessee,2023,7148304
Tennessee,2024,7227750
Texas,1900,3055000
Texas,1901,3132000
Texas,1902,3210000
Texas,1903,3291000
Texas,1904,3374000
Texas,1905,3459000
Texas,1906,3546000
Texas,1907,3636000
Texas,1908,3727000
Texas,1909,3821000
Texas,1910,3922000
Texas,1911,4016000
Texas,1912,4107000
Texas,1913,4207000
Texas,1914,4300000
Texas,1915,4368000
Texas,1916,4444000
Texas,1917,4563000
Texas,1918,4666000
Texas,1919,4631000
Texas,1920,4723000
Texas,1921,4853000
Texas,1922,4955000
Texas,1923,5077000
Texas,1924,5210000
Texas,1925,5332000
Texas,1926,5453000
Texas,1927,5577000
Texas,1928,5675000
Texas,1929,5762000
Texas,1930,5844000
Texas,1931,5907000
Texas,1932,5961000
Texas,1933,6014000
Texas,1934,6053000
Texas,1935,6123000
Texas,1936,6192000
Texas,1937,6250000
Texas,1938,6301000
Texas,1939,6360000
Texas,1940,6425000
Texas,1941,6585000
Texas,1942,6711000
Texas,1943,7012000
Texas,1944,6876000
Texas,1945,6826000
Texas,1946,7197000
Texas,1947,7388000
Texas,1948,7626000
Texas,1949,7623000
Texas,1950,7776000
Texas,1951,8111000
Texas,1952,8314000
Texas,1953,8336000
Texas,1954,8382000
Texas,1955,8660000
Texas,1956,8830000
Texas,1957,9070000
Texas,1958,9252000
Texas,1959,9405000
Texas,1960,9624000
Texas,1961,9820000
Texas,1962,10053000
Texas,1963,10159000
Texas,1964,10270000
Texas,1965,10378000
Texas,1966,10492000
Texas,1967,10599000
Texas,1968,10819000
Texas,1969,11045000
Texas,1970,11198655
Texas,1971,11509848
Texas,1972,11759148
Texas,1973,12019543
Texas,1974,12268629
Texas,1975,12568843
Texas,1976,12904089
Texas,1977,13193050
Texas,1978,13500429
Texas,1979,13888371
Texas,1980,14338208
Texas,1981,14746318
Texas,1982,15331415
Texas,1983,15751676
Texas,1984,16007086
Texas,1985,16272734
Texas,1986,16561113
Texas,1987,16621791
Texas,1988,16667022
Texas,1989,16806735
Texas,1990,17044714
Texas,1991,17339904
Texas,1992,17650479
Texas,1993,17996764
Texas,1994,18338319
Texas,1995,18679706
Texas,1996,19006240
Texas,1997,19355427
Texas,1998,19712389
Texas,1999,20044141
Texas,2000,20944499
Texas,2001,21319622
Texas,2002,21690325
Texas,2003,22030931
Texas,2004,22394023
Texas,2005,22778123
Texas,2006,23359580
Texas,2007,23831983
Texas,2008,24309039
Texas,2009,24801761
Texas,2010,25241897
Texas,2011,25645504
Texas,2012,26084120
Texas,2013,26479646
Texas,2014,26963092
Texas,2015,27468531
Texas,2016,27914064
Texas,2017,28291024
Texas,2018,28624564
Texas,2019,28986794
Texas,2020,29239570
Texas,2021,29570351
Texas,2022,30113488
Texas,2023,30727890
Texas,2024,31290831
Utah,1900,277000
Utah,1901,284000
Utah,1902,292000
Utah,1903,299000
Utah,1904,308000
Utah,1905,316000
Utah,1906,327000
Utah,1907,339000
Utah,1908,351000
Utah,1909,363000
Utah,1910,377000
Utah,1911,387000
Utah,1912,399000
Utah,1913,410000
Utah,1914,422000
Utah,1915,430000
Utah,1916,436000
Utah,1917,444000
Utah,1918,437000
Utah,1919,446000
Utah,1920,453000
Utah,1921,457000
Utah,1922,467000
Utah,1923,474000
Utah,1924,481000
Utah,1925,487000
Utah,1926,494000
Utah,1927,500000
Utah,1928,504000
Utah,1929,508000
Utah,1930,509000
Utah,1931,513000
Utah,1932,517000
Utah,1933,520000
Utah,1934,522000
Utah,1935,526000
Utah,1936,527000
Utah,1937,529000
Utah,1938,535000
Utah,1939,543000
Utah,1940,552000
Utah,1941,551000
Utah,1942,575000
Utah,1943,631000
Utah,1944,605000
Utah,1945,591000
Utah,1946,638000
Utah,1947,636000
Utah,1948,653000
Utah,1949,671000
Utah,1950,696000
Utah,1951,706000
Utah,1952,724000
Utah,1953,739000
Utah,1954,750000
Utah,1955,783000
Utah,1956,809000
Utah,1957,826000
Utah,1958,845000
Utah,1959,870000
Utah,1960,900000
Utah,1961,936000
Utah,1962,958000
Utah,1963,974000
Utah,1964,978000
Utah,1965,994000
Utah,1966,1009000
Utah,1967,1019000
Utah,1968,1029000
Utah,1969,1047000
Utah,1970,1059273
Utah,1971,1101192
Utah,1972,1135449
Utah,1973,1170040
Utah,1974,1200471
Utah,1975,1236030
Utah,1976,1274928
Utah,1977,1319512
Utah,1978,1367510
Utah,1979,1420238
Utah,1980,1472595
Utah,1981,1515471
Utah,1982,1558314
Utah,1983,1594943
Utah,1984,1622342
Utah,1985,1642910
Utah,1986,1662834
Utah,1987,1678119
Utah,1988,1689372
Utah,1989,1705864
Utah,1990,1729722
Utah,1991,1771941
Utah,1992,1821498
Utah,1993,1875993
Utah,1994,1930436
Utah,1995,1976774
Utah,1996,2022253
Utah,1997,2065397
Utah,1998,2100562
Utah,1999,2129836
Utah,2000,2244502
Utah,2001,2283715
Utah,2002,2324815
Utah,2003,2360137
Utah,2004,2401580
Utah,2005,2457719
Utah,2006,2525507
Utah,2007,2597746
Utah,2008,2663029
Utah,2009,2723421
Utah,2010,2775413
Utah,2011,2814797
Utah,2012,2854146
Utah,2013,2898773
Utah,2014,2938327
Utah,2015,2983626
Utah,2016,3044241
Utah,2017,3103540
Utah,2018,3155153
Utah,2019,3203383
Utah,2020,3284077
Utah,2021,3339738
Utah,2022,3391011
Utah,2023,3443222
Utah,2024,3503613
Virginia,1900,1858000
Virginia,1901,1887000
Virginia,1902,1894000
Virginia,1903,1890000
Virginia,1904,1889000
Virginia,1905,1917000
Virginia,1906,1942000
Virginia,1907,1952000
Virginia,1908,1994000
Virginia,1909,2038000
Virginia,1910,2071000
Virginia,1911,2092000
Virginia,1912,2122000
Virginia,1913,2176000
Virginia,1914,2241000
Virginia,1915,2294000
Virginia,1916,2316000
Virginia,1917,2313000
Virginia,1918,2359000
Virginia,1919,2318000
Virginia,1920,2347000
Virginia,1921,2395000
Virginia,1922,2412000
Virginia,1923,2423000
Virginia,1924,2426000
Virginia,1925,2423000
Virginia,1926,2419000
Virginia,1927,2433000
Virginia,1928,2435000
Virginia,1929,2425000
Virginia,1930,2427000
Virginia,1931,2445000
Virginia,1932,2452000
Virginia,1933,2460000
Virginia,1934,2485000
Virginia,1935,2520000
Virginia,1936,2552000
Virginia,1937,2590000
Virginia,1938,2638000
Virginia,1939,2670000
Virginia,1940,2720000
Virginia,1941,2855000
Virginia,1942,3038000
Virginia,1943,3130000
Virginia,1944,3248000
Virginia,1945,3193000
Virginia,1946,3212000
Virginia,1947,3201000
Virginia,1948,3207000
Virginia,1949,3292000
Virginia,1950,3315000
Virginia,1951,3434000
Virginia,1952,3504000
Virginia,1953,3557000
Virginia,1954,3555000
Virginia,1955,3588000
Virginia,1956,3722000
Virginia,1957,3844000
Virginia,1958,3914000
Virginia,1959,3951000
Virginia,1960,3986000
Virginia,1961,4095000
Virginia,1962,4180000
Virginia,1963,4276000
Virginia,1964,4357000
Virginia,1965,4411000
Virginia,1966,4456000
Virginia,1967,4508000
Virginia,1968,4558000
Virginia,1969,4614000
Virginia,1970,4651448
Virginia,1971,4750838
Virginia,1972,4824472
Virginia,1973,4901292
Virginia,1974,4971069
Virginia,1975,5047395
Virginia,1976,5121863
Virginia,1977,5193112
Virginia,1978,5270240
Virginia,1979,5307945
Virginia,1980,5368334
Virginia,1981,5444097
Virginia,1982,5492783
Virginia,1983,5564657
Virginia,1984,5643870
Virginia,1985,5715153
Virginia,1986,5811700
Virginia,1987,5932268
Virginia,1988,6036909
Virginia,1989,6120246
Virginia,1990,6213526
Virginia,1991,6283853
Virginia,1992,6383315
Virginia,1993,6464795
Virginia,1994,6536771
Virginia,1995,6601392
Virginia,1996,6665491
Virginia,1997,6732878
Virginia,1998,6789225
Virginia,1999,6872912
Virginia,2000,7105817
Virginia,2001,7198362
Virginia,2002,7286873
Virginia,2003,7366977
Virginia,2004,7475575
Virginia,2005,7577105
Virginia,2006,7673725
Virginia,2007,7751000
Virginia,2008,7833496
Virginia,2009,7925937
Virginia,2010,8024004
Virginia,2011,8102437
Virginia,2012,8187456
Virginia,2013,8255861
Virginia,2014,8315430
Virginia,2015,8367303
Virginia,2016,8417651
Virginia,2017,8471011
Virginia,2018,8510920
Virginia,2019,8556642
Virginia,2020,8637615
Virginia,2021,8658910
Virginia,2022,8683414
Virginia,2023,8734685
Virginia,2024,8811195
Vermont,1900,344000
Vermont,1901,347000
Vermont,1902,349000
Vermont,1903,350000
Vermont,1904,353000
Vermont,1905,354000
Vermont,1906,355000
Vermont,1907,355000
Vermont,1908,354000
Vermont,1909,356000
Vermont,1910,357000
Vermont,1911,358000
Vermont,1912,359000
Vermont,1913,361000
Vermont,1914,362000
Vermont,1915,360000
Vermont,1916,360000
Vermont,1917,372000
Vermont,1918,352000
Vermont,1919,352000
Vermont,1920,353000
Vermont,1921,355000
Vermont,1922,354000
Vermont,1923,354000
Vermont,1924,355000
Vermont,1925,355000
Vermont,1926,356000
Vermont,1927,357000
Vermont,1928,358000
Vermont,1929,359000
Vermont,1930,360000
Vermont,1931,359000
Vermont,1932,358000
Vermont,1933,357000
Vermont,1934,357000
Vermont,1935,357000
Vermont,1936,357000
Vermont,1937,356000
Vermont,1938,356000
Vermont,1939,358000
Vermont,1940,363000
Vermont,1941,348000
Vermont,1942,343000
Vermont,1943,327000
Vermont,1944,314000
Vermont,1945,315000
Vermont,1946,342000
Vermont,1947,354000
Vermont,1948,359000
Vermont,1949,369000
Vermont,1950,379000
Vermont,1951,378000
Vermont,1952,375000
Vermont,1953,379000
Vermont,1954,377000
Vermont,1955,375000
Vermont,1956,377000
Vermont,1957,376000
Vermont,1958,380000
Vermont,1959,387000
Vermont,1960,389000
Vermont,1961,390000
Vermont,1962,393000
Vermont,1963,397000
Vermont,1964,399000
Vermont,1965,404000
Vermont,1966,413000
Vermont,1967,423000
Vermont,1968,430000
Vermont,1969,437000
Vermont,1970,444732
Vermont,1971,454318
Vermont,1972,463143
Vermont,1973,468430
Vermont,1974,473002
Vermont,1975,479713
Vermont,1976,484928
Vermont,1977,491931
Vermont,1978,498109
Vermont,1979,505372
Vermont,1980,512524
Vermont,1981,515594
Vermont,1982,519109
Vermont,1983,523302
Vermont,1984,526660
Vermont,1985,530035
Vermont,1986,534066
Vermont,1987,540267
Vermont,1988,549763
Vermont,1989,557707
Vermont,1990,564526
Vermont,1991,567141
Vermont,1992,570115
Vermont,1993,574004
Vermont,1994,578900
Vermont,1995,582827
Vermont,1996,586352
Vermont,1997,588665
Vermont,1998,590579
Vermont,1999,593740
Vermont,2000,609618
Vermont,2001,612223
Vermont,2002,615442
Vermont,2003,617858
Vermont,2004,619920
Vermont,2005,621215
Vermont,2006,622892
Vermont,2007,623481
Vermont,2008,624151
Vermont,2009,624817
Vermont,2010,625886
Vermont,2011,627197
Vermont,2012,626361
Vermont,2013,626603
Vermont,2014,625693
Vermont,2015,625810
Vermont,2016,624366
Vermont,2017,625132
Vermont,2018,624802
Vermont,2019,624046
Vermont,2020,642977
Vermont,2021,647210
Vermont,2022,648142
Vermont,2023,648708
Vermont,2024,648493
Washington,1900,523000
Washington,1901,583000
Washington,1902,651000
Washington,1903,719000
Washington,1904,782000
Washington,1905,842000
Washington,1906,904000
Washington,1907,967000
Washington,1908,1028000
Washington,1909,1091000
Washington,1910,1148000
Washington,1911,1167000
Washington,1912,1184000
Washington,1913,1209000
Washington,1914,1231000
Washington,1915,1239000
Washington,1916,1255000
Washington,1917,1287000
Washington,1918,1341000
Washington,1919,1333000
Washington,1920,1373000
Washington,1921,1405000
Washington,1922,1415000
Washington,1923,1433000
Washington,1924,1467000
Washington,1925,1494000
Washington,1926,1516000
Washington,1927,1538000
Washington,1928,1551000
Washington,1929,1555000
Washington,1930,1568000
Washington,1931,1581000
Washington,1932,1584000
Washington,1933,1592000
Washington,1934,1610000
Washington,1935,1629000
Washington,1936,1653000
Washington,1937,1681000
Washington,1938,1698000
Washington,1939,1715000
Washington,1940,1740000
Washington,1941,1789000
Washington,1942,1901000
Washington,1943,2027000
Washington,1944,2092000
Washington,1945,2206000
Washington,1946,2288000
Washington,1947,2211000
Washington,1948,2255000
Washington,1949,2294000
Washington,1950,2387000
Washington,1951,2424000
Washington,1952,2448000
Washington,1953,2466000
Washington,1954,2516000
Washington,1955,2604000
Washington,1956,2668000
Washington,1957,2724000
Washington,1958,2773000
Washington,1959,2821000
Washington,1960,2855000
Washington,1961,2882000
Washington,1962,2942000
Washington,1963,2955000
Washington,1964,2961000
Washington,1965,2967000
Washington,1966,3057000
Washington,1967,3174000
Washington,1968,3270000
Washington,1969,3343000
Washington,1970,3413244
Washington,1971,3447553
Washington,1972,3447885
Washington,1973,3478782
Washington,1974,3549946
Washington,1975,3621339
Washington,1976,3693610
Washington,1977,3776050
Washington,1978,3889073
Washington,1979,4017632
Washington,1980,4154678
Washington,1981,4235731
Washington,1982,4276552
Washington,1983,4300266
Washington,1984,4343656
Washington,1985,4400098
Washington,1986,4452720
Washington,1987,4531901
Washington,1988,4639893
Washington,1989,4746316
Washington,1990,4900780
Washington,1991,5013443
Washington,1992,5139011
Washington,1993,5247704
Washington,1994,5334896
Washington,1995,5431024
Washington,1996,5509963
Washington,1997,5604105
Washington,1998,5687832
Washington,1999,5756361
Washington,2000,5910512
Washington,2001,5985722
Washington,2002,6052349
Washington,2003,6104115
Washington,2004,6178645
Washington,2005,6257305
Washington,2006,6370753
Washington,2007,6461587
Washington,2008,6562231
Washington,2009,6667426
Washington,2010,6743009
Washington,2011,6827479
Washington,2012,6898599
Washington,2013,6966252
Washington,2014,7057531
Washington,2015,7167287
Washington,2016,7299961
Washington,2017,7427951
Washington,2018,7526793
Washington,2019,7614024
Washington,2020,7727209
Washington,2021,7743760
Washington,2022,7794123
Washington,2023,7857320
Washington,2024,7958180
Wisconsin,1900,2072000
Wisconsin,1901,2109000
Wisconsin,1902,2141000
Wisconsin,1903,2171000
Wisconsin,1904,2202000
Wisconsin,1905,2231000
Wisconsin,1906,2250000
Wisconsin,1907,2268000
Wisconsin,1908,2292000
Wisconsin,1909,2317000
Wisconsin,1910,2345000
Wisconsin,1911,2369000
Wisconsin,1912,2407000
Wisconsin,1913,2438000
Wisconsin,1914,2490000
Wisconsin,1915,2535000
Wisconsin,1916,2562000
Wisconsin,1917,2587000
Wisconsin,1918,2597000
Wisconsin,1919,2600000
Wisconsin,1920,2679000
Wisconsin,1921,2722000
Wisconsin,1922,2761000
Wisconsin,1923,2803000
Wisconsin,1924,2833000
Wisconsin,1925,2863000
Wisconsin,1926,2892000
Wisconsin,1927,2916000
Wisconsin,1928,2923000
Wisconsin,1929,2934000
Wisconsin,1930,2950000
Wisconsin,1931,2990000
Wisconsin,1932,3021000
Wisconsin,1933,3040000
Wisconsin,1934,3054000
Wisconsin,1935,3070000
Wisconsin,1936,3082000
Wisconsin,1937,3088000
Wisconsin,1938,3098000
Wisconsin,1939,3121000
Wisconsin,1940,3143000
Wisconsin,1941,3140000
Wisconsin,1942,3053000
Wisconsin,1943,3014000
Wisconsin,1944,2980000
Wisconsin,1945,2961000
Wisconsin,1946,3167000
Wisconsin,1947,3250000
Wisconsin,1948,3314000
Wisconsin,1949,3391000
Wisconsin,1950,3438000
Wisconsin,1951,3439000
Wisconsin,1952,3469000
Wisconsin,1953,3506000
Wisconsin,1954,3608000
Wisconsin,1955,3679000
Wisconsin,1956,3742000
Wisconsin,1957,3791000
Wisconsin,1958,3843000
Wisconsin,1959,3891000
Wisconsin,1960,3962000
Wisconsin,1961,4009000
Wisconsin,1962,4049000
Wisconsin,1963,4112000
Wisconsin,1964,4165000
Wisconsin,1965,4232000
Wisconsin,1966,4274000
Wisconsin,1967,4303000
Wisconsin,1968,4345000
Wisconsin,1969,4378000
Wisconsin,1970,4417821
Wisconsin,1971,4462155
Wisconsin,1972,4502412
Wisconsin,1973,4524244
Wisconsin,1974,4545782
Wisconsin,1975,4578986
Wisconsin,1976,4595904
Wisconsin,1977,4626514
Wisconsin,1978,4646108
Wisconsin,1979,4682811
Wisconsin,1980,4712045
Wisconsin,1981,4726343
Wisconsin,1982,4728870
Wisconsin,1983,4721438
Wisconsin,1984,4735563
Wisconsin,1985,4747767
Wisconsin,1986,4755618
Wisconsin,1987,4777919
Wisconsin,1988,4822388
Wisconsin,1989,4856574
Wisconsin,1990,4902265
Wisconsin,1991,4952675
Wisconsin,1992,5004636
Wisconsin,1993,5055318
Wisconsin,1994,5095504
Wisconsin,1995,5137004
Wisconsin,1996,5173828
Wisconsin,1997,5200235
Wisconsin,1998,5222124
Wisconsin,1999,5250446
Wisconsin,2000,5373999
Wisconsin,2001,5406835
Wisconsin,2002,5445162
Wisconsin,2003,5479203
Wisconsin,2004,5514026
Wisconsin,2005,5546166
Wisconsin,2006,5577655
Wisconsin,2007,5610775
Wisconsin,2008,5640996
Wisconsin,2009,5669264
Wisconsin,2010,5690538
Wisconsin,2011,5705840
Wisconsin,2012,5720825
Wisconsin,2013,5738012
Wisconsin,2014,5753199
Wisconsin,2015,5762927
Wisconsin,2016,5775170
Wisconsin,2017,5793147
Wisconsin,2018,5809319
Wisconsin,2019,5824581
Wisconsin,2020,5897375
Wisconsin,2021,5881608
Wisconsin,2022,5903975
Wisconsin,2023,5930405
Wisconsin,2024,5960975
West Virginia,1900,959000
West Virginia,1901,972000
West Virginia,1902,1000000
West Virginia,1903,1037000
West Virginia,1904,1064000
West Virginia,1905,1094000
West Virginia,1906,1122000
West Virginia,1907,1149000
West Virginia,1908,1174000
West Virginia,1909,1203000
West Virginia,1910,1231000
West Virginia,1911,1266000
West Virginia,1912,1291000
West Virginia,1913,1317000
West Virginia,1914,1362000
West Virginia,1915,1387000
West Virginia,1916,1414000
West Virginia,1917,1439000
West Virginia,1918,1438000
West Virginia,1919,1464000
West Virginia,1920,1470000
West Virginia,1921,1485000
West Virginia,1922,1498000
West Virginia,1923,1526000
West Virginia,1924,1577000
West Virginia,1925,1593000
West Virginia,1926,1623000
West Virginia,1927,1671000
West Virginia,1928,1696000
West Virginia,1929,1717000
West Virginia,1930,1733000
West Virginia,1931,1740000
West Virginia,1932,1747000
West Virginia,1933,1752000
West Virginia,1934,1771000
West Virginia,1935,1794000
West Virginia,1936,1808000
West Virginia,1937,1813000
West Virginia,1938,1828000
West Virginia,1939,1868000
West Virginia,1940,1907000
West Virginia,1941,1885000
West Virginia,1942,1831000
West Virginia,1943,1741000
West Virginia,1944,1706000
West Virginia,1945,1708000
West Virginia,1946,1826000
West Virginia,1947,1883000
West Virginia,1948,1899000
West Virginia,1949,1930000
West Virginia,1950,2006000
West Virginia,1951,1984000
West Virginia,1952,1957000
West Virginia,1953,1929000
West Virginia,1954,1905000
West Virginia,1955,1880000
West Virginia,1956,1857000
West Virginia,1957,1843000
West Virginia,1958,1845000
West Virginia,1959,1855000
West Virginia,1960,1853000
West Virginia,1961,1828000
West Virginia,1962,1809000
West Virginia,1963,1796000
West Virginia,1964,1797000
West Virginia,1965,1786000
West Virginia,1966,1775000
West Virginia,1967,1769000
West Virginia,1968,1763000
West Virginia,1969,1746000
West Virginia,1970,1744237
West Virginia,1971,1770657
West Virginia,1972,1797648
West Virginia,1973,1806360
West Virginia,1974,1815447
West Virginia,1975,1842250
West Virginia,1976,1879503
West Virginia,1977,1908088
West Virginia,1978,1923395
West Virginia,1979,1942146
West Virginia,1980,1951349
West Virginia,1981,1954124
West Virginia,1982,1949604
West Virginia,1983,1945061
West Virginia,1984,1927697
West Virginia,1985,1906831
West Virginia,1986,1882350
West Virginia,1987,1857585
West Virginia,1988,1830215
West Virginia,1989,1806568
West Virginia,1990,1792481
West Virginia,1991,1798212
West Virginia,1992,1805462
West Virginia,1993,1816179
West Virginia,1994,1818490
West Virginia,1995,1820560
West Virginia,1996,1818983
West Virginia,1997,1815588
West Virginia,1998,1811688
West Virginia,1999,1806928
West Virginia,2000,1807021
West Virginia,2001,1801481
West Virginia,2002,1805414
West Virginia,2003,1812295
West Virginia,2004,1816438
West Virginia,2005,1820492
West Virginia,2006,1827912
West Virginia,2007,1834052
West Virginia,2008,1840310
West Virginia,2009,1847775
West Virginia,2010,1854265
West Virginia,2011,1856606
West Virginia,2012,1857446
West Virginia,2013,1854768
West Virginia,2014,1850569
West Virginia,2015,1843332
West Virginia,2016,1832435
West Virginia,2017,1818683
West Virginia,2018,1805953
West Virginia,2019,1795263
West Virginia,2020,1791646
West Virginia,2021,1785618
West Virginia,2022,1774122
West Virginia,2023,1770495
West Virginia,2024,1769979
Wyoming,1900,93000
Wyoming,1901,100000
Wyoming,1902,105000
Wyoming,1903,108000
Wyoming,1904,111000
Wyoming,1905,114000
Wyoming,1906,118000
Wyoming,1907,125000
Wyoming,1908,133000
Wyoming,1909,141000
Wyoming,1910,147000
Wyoming,1911,150000
Wyoming,1912,153000
Wyoming,1913,157000
Wyoming,1914,163000
Wyoming,1915,167000
Wyoming,1916,174000
Wyoming,1917,186000
Wyoming,1918,181000
Wyoming,1919,191000
Wyoming,1920,197000
Wyoming,1921,203000
Wyoming,1922,208000
Wyoming,1923,211000
Wyoming,1924,215000
Wyoming,1925,216000
Wyoming,1926,217000
Wyoming,1927,219000
Wyoming,1928,220000
Wyoming,1929,223000
Wyoming,1930,226000
Wyoming,1931,229000
Wyoming,1932,230000
Wyoming,1933,230000
Wyoming,1934,233000
Wyoming,1935,237000
Wyoming,1936,240000
Wyoming,1937,243000
Wyoming,1938,246000
Wyoming,1939,248000
Wyoming,1940,250000
Wyoming,1941,247000
Wyoming,1942,251000
Wyoming,1943,247000
Wyoming,1944,242000
Wyoming,1945,239000
Wyoming,1946,254000
Wyoming,1947,258000
Wyoming,1948,269000
Wyoming,1949,277000
Wyoming,1950,290000
Wyoming,1951,291000
Wyoming,1952,293000
Wyoming,1953,290000
Wyoming,1954,293000
Wyoming,1955,307000
Wyoming,1956,312000
Wyoming,1957,314000
Wyoming,1958,315000
Wyoming,1959,320000
Wyoming,1960,331000
Wyoming,1961,337000
Wyoming,1962,333000
Wyoming,1963,336000
Wyoming,1964,339000
Wyoming,1965,332000
Wyoming,1966,323000
Wyoming,1967,322000
Wyoming,1968,324000
Wyoming,1969,329000
Wyoming,1970,332416
Wyoming,1971,340285
Wyoming,1972,347345
Wyoming,1973,354061
Wyoming,1974,365501
Wyoming,1975,381695
Wyoming,1976,396952
Wyoming,1977,413354
Wyoming,1978,432880
Wyoming,1979,454378
Wyoming,1980,474185
Wyoming,1981,491712
Wyoming,1982,506400
Wyoming,1983,510345
Wyoming,1984,504896
Wyoming,1985,499695
Wyoming,1986,495633
Wyoming,1987,476965
Wyoming,1988,465101
Wyoming,1989,458374
Wyoming,1990,453401
Wyoming,1991,457739
Wyoming,1992,463491
Wyoming,1993,469033
Wyoming,1994,474982
Wyoming,1995,478447
Wyoming,1996,480085
Wyoming,1997,480031
Wyoming,1998,480045
Wyoming,1999,479602
Wyoming,2000,494300
Wyoming,2001,494657
Wyoming,2002,500017
Wyoming,2003,503453
Wyoming,2004,509106
Wyoming,2005,514157
Wyoming,2006,522667
Wyoming,2007,534876
Wyoming,2008,546043
Wyoming,2009,559851
Wyoming,2010,564531
Wyoming,2011,567491
Wyoming,2012,576656
Wyoming,2013,582620
Wyoming,2014,583159
Wyoming,2015,586389
Wyoming,2016,585243
Wyoming,2017,579994
Wyoming,2018,579054
Wyoming,2019,580116
Wyoming,2020,577681
Wyoming,2021,579636
Wyoming,2022,581978
Wyoming,2023,585067
Wyoming,2024,587618
